date,time,comp,season,team,opponent,venue,round,xg_for,gf_for,ga_for,sh_for,sot_for,dist_for,fk_for,pk_for,xg_against,gf_against,ga_against,sh_against,sot_against,dist_against,fk_against,pk_against
2025-08-24,20:45 (18:45),Serie A,2025-2026,Juventus,Parma,Home,Matchweek 1,2.3,2.0,0.0,25.0,8.0,17.1,0.0,0.0,0.6,0.0,2.0,8.0,1.0,19.2,0.0,0.0
2025-08-31,18:30 (16:30),Serie A,2025-2026,Juventus,Genoa,Away,Matchweek 2,0.9,1.0,0.0,13.0,3.0,16.9,0.0,0.0,0.5,0.0,1.0,10.0,1.0,16.9,0.0,0.0
2025-09-13,18:00 (16:00),Serie A,2025-2026,Juventus,Inter,Home,Matchweek 3,0.7,4.0,3.0,12.0,4.0,21.3,0.0,0.0,0.9,3.0,4.0,18.0,4.0,19.8,1.0,0.0
2025-09-16,21:00 (19:00),Champions Lg,2025-2026,Juventus,de Dortmund,Home,League phase,1.9,4.0,4.0,19.0,7.0,17.2,0.0,0.0,1.5,4.0,4.0,9.0,4.0,20.4,0.0,1.0
2025-09-20,18:00 (16:00),Serie A,2025-2026,Juventus,Hellas Verona,Away,Matchweek 4,0.5,1.0,1.0,10.0,4.0,17.2,0.0,0.0,1.5,1.0,1.0,13.0,3.0,25.4,0.0,1.0
2025-09-27,18:00 (16:00),Serie A,2025-2026,Juventus,Atalanta,Home,Matchweek 5,,,,,,,,,,,,,,,,
2025-10-01,21:00 (19:00),Champions Lg,2025-2026,Juventus,es Villarreal,Away,League phase,,,,,,,,,,,,,,,,
2025-10-05,20:45 (18:45),Serie A,2025-2026,Juventus,Milan,Home,Matchweek 6,,,,,,,,,,,,,,,,
2025-10-19,12:30 (10:30),Serie A,2025-2026,Juventus,Como,Away,Matchweek 7,,,,,,,,,,,,,,,,
2025-10-22,21:00 (19:00),Champions Lg,2025-2026,Juventus,es Real Madrid,Away,League phase,,,,,,,,,,,,,,,,
2025-10-26,20:45 (19:45),Serie A,2025-2026,Juventus,Lazio,Away,Matchweek 8,,,,,,,,,,,,,,,,
2025-10-29,18:30 (17:30),Serie A,2025-2026,Juventus,Udinese,Home,Matchweek 9,,,,,,,,,,,,,,,,
2025-11-01,20:45 (19:45),Serie A,2025-2026,Juventus,Cremonese,Away,Matchweek 10,,,,,,,,,,,,,,,,
2025-11-04,21:00 (20:00),Champions Lg,2025-2026,Juventus,pt Sporting CP,Home,League phase,,,,,,,,,,,,,,,,
2025-11-08,18:00 (17:00),Serie A,2025-2026,Juventus,Torino,Home,Matchweek 11,,,,,,,,,,,,,,,,
2025-11-22,18:00 (17:00),Serie A,2025-2026,Juventus,Fiorentina,Away,Matchweek 12,,,,,,,,,,,,,,,,
2025-11-25,21:00 (20:00),Champions Lg,2025-2026,Juventus,no Bodø/Glimt,Away,League phase,,,,,,,,,,,,,,,,
2025-11-30,,Serie A,2025-2026,Juventus,Cagliari,Home,Matchweek 13,,,,,,,,,,,,,,,,
2025-12-07,,Serie A,2025-2026,Juventus,Napoli,Away,Matchweek 14,,,,,,,,,,,,,,,,
2025-12-10,21:00 (20:00),Champions Lg,2025-2026,Juventus,cy Pafos FC,Home,League phase,,,,,,,,,,,,,,,,
2025-12-14,,Serie A,2025-2026,Juventus,Bologna,Away,Matchweek 15,,,,,,,,,,,,,,,,
2025-12-21,,Serie A,2025-2026,Juventus,Roma,Home,Matchweek 16,,,,,,,,,,,,,,,,
2025-12-28,,Serie A,2025-2026,Juventus,Pisa,Away,Matchweek 17,,,,,,,,,,,,,,,,
2026-01-03,,Serie A,2025-2026,Juventus,Lecce,Home,Matchweek 18,,,,,,,,,,,,,,,,
2026-01-06,,Serie A,2025-2026,Juventus,Sassuolo,Away,Matchweek 19,,,,,,,,,,,,,,,,
2026-01-11,,Serie A,2025-2026,Juventus,Cremonese,Home,Matchweek 20,,,,,,,,,,,,,,,,
2026-01-18,,Serie A,2025-2026,Juventus,Cagliari,Away,Matchweek 21,,,,,,,,,,,,,,,,
2026-01-21,21:00 (20:00),Champions Lg,2025-2026,Juventus,pt Benfica,Home,League phase,,,,,,,,,,,,,,,,
2026-01-25,,Serie A,2025-2026,Juventus,Napoli,Home,Matchweek 22,,,,,,,,,,,,,,,,
2026-01-28,21:00 (20:00),Champions Lg,2025-2026,Juventus,fr Monaco,Away,League phase,,,,,,,,,,,,,,,,
2026-02-01,,Serie A,2025-2026,Juventus,Parma,Away,Matchweek 23,,,,,,,,,,,,,,,,
2026-02-08,,Serie A,2025-2026,Juventus,Lazio,Home,Matchweek 24,,,,,,,,,,,,,,,,
2026-02-15,,Serie A,2025-2026,Juventus,Inter,Away,Matchweek 25,,,,,,,,,,,,,,,,
2026-02-22,,Serie A,2025-2026,Juventus,Como,Home,Matchweek 26,,,,,,,,,,,,,,,,
2026-03-01,,Serie A,2025-2026,Juventus,Roma,Away,Matchweek 27,,,,,,,,,,,,,,,,
Date,Time,Comp,2025-2026,Juventus,Opponent,Venue,Round,,,,,,,,,,,,,,,,
2026-03-08,,Serie A,2025-2026,Juventus,Pisa,Home,Matchweek 28,,,,,,,,,,,,,,,,
2026-03-15,,Serie A,2025-2026,Juventus,Udinese,Away,Matchweek 29,,,,,,,,,,,,,,,,
2026-03-22,,Serie A,2025-2026,Juventus,Sassuolo,Home,Matchweek 30,,,,,,,,,,,,,,,,
2026-04-04,,Serie A,2025-2026,Juventus,Genoa,Home,Matchweek 31,,,,,,,,,,,,,,,,
2026-04-12,,Serie A,2025-2026,Juventus,Atalanta,Away,Matchweek 32,,,,,,,,,,,,,,,,
2026-04-19,,Serie A,2025-2026,Juventus,Bologna,Home,Matchweek 33,,,,,,,,,,,,,,,,
2026-04-26,,Serie A,2025-2026,Juventus,Milan,Away,Matchweek 34,,,,,,,,,,,,,,,,
2026-05-03,,Serie A,2025-2026,Juventus,Hellas Verona,Home,Matchweek 35,,,,,,,,,,,,,,,,
2026-05-10,,Serie A,2025-2026,Juventus,Lecce,Away,Matchweek 36,,,,,,,,,,,,,,,,
2026-05-17,,Serie A,2025-2026,Juventus,Fiorentina,Home,Matchweek 37,,,,,,,,,,,,,,,,
2026-05-24,,Serie A,2025-2026,Juventus,Torino,Away,Matchweek 38,,,,,,,,,,,,,,,,
2025-08-17,21:15 (19:15),Coppa Italia,2025-2026,Milan,Bari,Home,First round,,2.0,0.0,24.0,5.0,,,0.0,,0.0,2.0,6.0,1.0,,,0.0
2025-08-23,20:45 (18:45),Serie A,2025-2026,Milan,Cremonese,Home,Matchweek 1,1.8,1.0,2.0,24.0,5.0,15.5,0.0,0.0,0.2,2.0,1.0,4.0,3.0,13.6,0.0,0.0
2025-08-29,20:45 (18:45),Serie A,2025-2026,Milan,Lecce,Away,Matchweek 2,1.8,2.0,0.0,14.0,6.0,14.4,0.0,0.0,0.3,0.0,2.0,7.0,2.0,15.8,0.0,0.0
2025-09-14,20:45 (18:45),Serie A,2025-2026,Milan,Bologna,Home,Matchweek 3,1.0,1.0,0.0,14.0,3.0,16.0,0.0,0.0,0.2,0.0,1.0,5.0,0.0,20.4,0.0,0.0
2025-09-20,20:45 (18:45),Serie A,2025-2026,Milan,Udinese,Away,Matchweek 4,1.4,3.0,0.0,13.0,6.0,14.2,0.0,0.0,0.3,0.0,3.0,10.0,4.0,27.2,0.0,0.0
2025-09-23,21:00 (19:00),Coppa Italia,2025-2026,Milan,Lecce,Home,Second round,,,,,,,,,,,,,,,,
2025-09-28,20:45 (18:45),Serie A,2025-2026,Milan,Napoli,Home,Matchweek 5,,,,,,,,,,,,,,,,
2025-10-05,20:45 (18:45),Serie A,2025-2026,Milan,Juventus,Away,Matchweek 6,,,,,,,,,,,,,,,,
2025-10-19,20:45 (18:45),Serie A,2025-2026,Milan,Fiorentina,Home,Matchweek 7,,,,,,,,,,,,,,,,
2025-10-24,20:45 (18:45),Serie A,2025-2026,Milan,Pisa,Home,Matchweek 8,,,,,,,,,,,,,,,,
2025-10-28,20:45 (19:45),Serie A,2025-2026,Milan,Atalanta,Away,Matchweek 9,,,,,,,,,,,,,,,,
2025-11-02,20:45 (19:45),Serie A,2025-2026,Milan,Roma,Home,Matchweek 10,,,,,,,,,,,,,,,,
2025-11-08,20:45 (19:45),Serie A,2025-2026,Milan,Parma,Away,Matchweek 11,,,,,,,,,,,,,,,,
2025-11-23,20:45 (19:45),Serie A,2025-2026,Milan,Inter,Away,Matchweek 12,,,,,,,,,,,,,,,,
2025-11-30,,Serie A,2025-2026,Milan,Lazio,Home,Matchweek 13,,,,,,,,,,,,,,,,
2025-12-07,,Serie A,2025-2026,Milan,Torino,Away,Matchweek 14,,,,,,,,,,,,,,,,
2025-12-14,,Serie A,2025-2026,Milan,Sassuolo,Home,Matchweek 15,,,,,,,,,,,,,,,,
2025-12-21,,Serie A,2025-2026,Milan,Como,Away,Matchweek 16,,,,,,,,,,,,,,,,
2025-12-28,,Serie A,2025-2026,Milan,Hellas Verona,Home,Matchweek 17,,,,,,,,,,,,,,,,
2026-01-03,,Serie A,2025-2026,Milan,Cagliari,Away,Matchweek 18,,,,,,,,,,,,,,,,
2026-01-06,,Serie A,2025-2026,Milan,Genoa,Home,Matchweek 19,,,,,,,,,,,,,,,,
2026-01-11,,Serie A,2025-2026,Milan,Fiorentina,Away,Matchweek 20,,,,,,,,,,,,,,,,
2026-01-18,,Serie A,2025-2026,Milan,Lecce,Home,Matchweek 21,,,,,,,,,,,,,,,,
2026-01-25,,Serie A,2025-2026,Milan,Roma,Away,Matchweek 22,,,,,,,,,,,,,,,,
2026-02-01,,Serie A,2025-2026,Milan,Bologna,Away,Matchweek 23,,,,,,,,,,,,,,,,
2026-02-08,,Serie A,2025-2026,Milan,Como,Home,Matchweek 24,,,,,,,,,,,,,,,,
2026-02-15,,Serie A,2025-2026,Milan,Pisa,Away,Matchweek 25,,,,,,,,,,,,,,,,
2026-02-22,,Serie A,2025-2026,Milan,Parma,Home,Matchweek 26,,,,,,,,,,,,,,,,
2026-03-01,,Serie A,2025-2026,Milan,Cremonese,Away,Matchweek 27,,,,,,,,,,,,,,,,
2026-03-08,,Serie A,2025-2026,Milan,Inter,Home,Matchweek 28,,,,,,,,,,,,,,,,
2026-03-15,,Serie A,2025-2026,Milan,Lazio,Away,Matchweek 29,,,,,,,,,,,,,,,,
2026-03-22,,Serie A,2025-2026,Milan,Torino,Home,Matchweek 30,,,,,,,,,,,,,,,,
2026-04-04,,Serie A,2025-2026,Milan,Napoli,Away,Matchweek 31,,,,,,,,,,,,,,,,
2026-04-12,,Serie A,2025-2026,Milan,Udinese,Home,Matchweek 32,,,,,,,,,,,,,,,,
2026-04-19,,Serie A,2025-2026,Milan,Hellas Verona,Away,Matchweek 33,,,,,,,,,,,,,,,,
2026-04-26,,Serie A,2025-2026,Milan,Juventus,Home,Matchweek 34,,,,,,,,,,,,,,,,
2026-05-03,,Serie A,2025-2026,Milan,Sassuolo,Away,Matchweek 35,,,,,,,,,,,,,,,,
2026-05-10,,Serie A,2025-2026,Milan,Atalanta,Home,Matchweek 36,,,,,,,,,,,,,,,,
2026-05-17,,Serie A,2025-2026,Milan,Genoa,Away,Matchweek 37,,,,,,,,,,,,,,,,
2026-05-24,,Serie A,2025-2026,Milan,Cagliari,Home,Matchweek 38,,,,,,,,,,,,,,,,
2025-08-23,18:30 (16:30),Serie A,2025-2026,Napoli,Sassuolo,Away,Matchweek 1,1.2,2.0,0.0,13.0,4.0,20.2,2.0,0.0,0.4,0.0,2.0,7.0,2.0,22.1,0.0,0.0
2025-08-30,20:45 (18:45),Serie A,2025-2026,Napoli,Cagliari,Home,Matchweek 2,1.5,1.0,0.0,20.0,6.0,15.4,0.0,0.0,0.5,0.0,1.0,10.0,1.0,26.8,1.0,0.0
2025-09-13,20:45 (18:45),Serie A,2025-2026,Napoli,Fiorentina,Away,Matchweek 3,2.7,3.0,1.0,13.0,7.0,14.3,0.0,1.0,1.4,1.0,3.0,19.0,3.0,16.0,1.0,0.0
2025-09-18,20:00 (19:00),Champions Lg,2025-2026,Napoli,eng Manchester City,Away,League phase,0.2,0.0,2.0,1.0,1.0,5.9,0.0,0.0,2.1,2.0,0.0,23.0,8.0,15.9,1.0,0.0
2025-09-22,20:45 (18:45),Serie A,2025-2026,Napoli,Pisa,Home,Matchweek 4,,,,,,,,,,,,,,,,
2025-09-28,20:45 (18:45),Serie A,2025-2026,Napoli,Milan,Away,Matchweek 5,,,,,,,,,,,,,,,,
2025-10-01,21:00 (19:00),Champions Lg,2025-2026,Napoli,pt Sporting CP,Home,League phase,,,,,,,,,,,,,,,,
2025-10-05,18:00 (16:00),Serie A,2025-2026,Napoli,Genoa,Home,Matchweek 6,,,,,,,,,,,,,,,,
2025-10-18,18:00 (16:00),Serie A,2025-2026,Napoli,Torino,Away,Matchweek 7,,,,,,,,,,,,,,,,
2025-10-21,21:00 (19:00),Champions Lg,2025-2026,Napoli,nl PSV Eindhoven,Away,League phase,,,,,,,,,,,,,,,,
2025-10-25,18:00 (16:00),Serie A,2025-2026,Napoli,Inter,Home,Matchweek 8,,,,,,,,,,,,,,,,
2025-10-28,18:30 (17:30),Serie A,2025-2026,Napoli,Lecce,Away,Matchweek 9,,,,,,,,,,,,,,,,
2025-11-01,18:00 (17:00),Serie A,2025-2026,Napoli,Como,Home,Matchweek 10,,,,,,,,,,,,,,,,
2025-11-04,18:45 (17:45),Champions Lg,2025-2026,Napoli,de Eint Frankfurt,Home,League phase,,,,,,,,,,,,,,,,
2025-11-09,15:00 (14:00),Serie A,2025-2026,Napoli,Bologna,Away,Matchweek 11,,,,,,,,,,,,,,,,
2025-11-22,20:45 (19:45),Serie A,2025-2026,Napoli,Atalanta,Home,Matchweek 12,,,,,,,,,,,,,,,,
2025-11-25,21:00 (20:00),Champions Lg,2025-2026,Napoli,az Qarabağ,Home,League phase,,,,,,,,,,,,,,,,
2025-11-30,,Serie A,2025-2026,Napoli,Roma,Away,Matchweek 13,,,,,,,,,,,,,,,,
2025-12-07,,Serie A,2025-2026,Napoli,Juventus,Home,Matchweek 14,,,,,,,,,,,,,,,,
2025-12-10,20:00,Champions Lg,2025-2026,Napoli,pt Benfica,Away,League phase,,,,,,,,,,,,,,,,
2025-12-14,,Serie A,2025-2026,Napoli,Udinese,Away,Matchweek 15,,,,,,,,,,,,,,,,
2025-12-21,,Serie A,2025-2026,Napoli,Parma,Home,Matchweek 16,,,,,,,,,,,,,,,,
2025-12-28,,Serie A,2025-2026,Napoli,Cremonese,Away,Matchweek 17,,,,,,,,,,,,,,,,
2026-01-03,,Serie A,2025-2026,Napoli,Lazio,Away,Matchweek 18,,,,,,,,,,,,,,,,
2026-01-06,,Serie A,2025-2026,Napoli,Hellas Verona,Home,Matchweek 19,,,,,,,,,,,,,,,,
2026-01-11,,Serie A,2025-2026,Napoli,Inter,Away,Matchweek 20,,,,,,,,,,,,,,,,
2026-01-18,,Serie A,2025-2026,Napoli,Sassuolo,Home,Matchweek 21,,,,,,,,,,,,,,,,
2026-01-20,21:00 (20:00),Champions Lg,2025-2026,Napoli,dk FC Copenhagen,Away,League phase,,,,,,,,,,,,,,,,
2026-01-25,,Serie A,2025-2026,Napoli,Juventus,Away,Matchweek 22,,,,,,,,,,,,,,,,
2026-01-28,21:00 (20:00),Champions Lg,2025-2026,Napoli,eng Chelsea,Home,League phase,,,,,,,,,,,,,,,,
2026-02-01,,Serie A,2025-2026,Napoli,Fiorentina,Home,Matchweek 23,,,,,,,,,,,,,,,,
2026-02-08,,Serie A,2025-2026,Napoli,Genoa,Away,Matchweek 24,,,,,,,,,,,,,,,,
2026-02-15,,Serie A,2025-2026,Napoli,Roma,Home,Matchweek 25,,,,,,,,,,,,,,,,
2026-02-22,,Serie A,2025-2026,Napoli,Atalanta,Away,Matchweek 26,,,,,,,,,,,,,,,,
2026-03-01,,Serie A,2025-2026,Napoli,Hellas Verona,Away,Matchweek 27,,,,,,,,,,,,,,,,
Date,Time,Comp,2025-2026,Napoli,Opponent,Venue,Round,,,,,,,,,,,,,,,,
2026-03-08,,Serie A,2025-2026,Napoli,Torino,Home,Matchweek 28,,,,,,,,,,,,,,,,
2026-03-15,,Serie A,2025-2026,Napoli,Lecce,Home,Matchweek 29,,,,,,,,,,,,,,,,
2026-03-22,,Serie A,2025-2026,Napoli,Cagliari,Away,Matchweek 30,,,,,,,,,,,,,,,,
2026-04-04,,Serie A,2025-2026,Napoli,Milan,Home,Matchweek 31,,,,,,,,,,,,,,,,
2026-04-12,,Serie A,2025-2026,Napoli,Parma,Away,Matchweek 32,,,,,,,,,,,,,,,,
2026-04-19,,Serie A,2025-2026,Napoli,Lazio,Home,Matchweek 33,,,,,,,,,,,,,,,,
2026-04-26,,Serie A,2025-2026,Napoli,Cremonese,Home,Matchweek 34,,,,,,,,,,,,,,,,
2026-05-03,,Serie A,2025-2026,Napoli,Como,Away,Matchweek 35,,,,,,,,,,,,,,,,
2026-05-10,,Serie A,2025-2026,Napoli,Bologna,Home,Matchweek 36,,,,,,,,,,,,,,,,
2026-05-17,,Serie A,2025-2026,Napoli,Pisa,Away,Matchweek 37,,,,,,,,,,,,,,,,
2026-05-24,,Serie A,2025-2026,Napoli,Udinese,Home,Matchweek 38,,,,,,,,,,,,,,,,
2025-08-23,20:45 (18:45),Serie A,2025-2026,Roma,Bologna,Home,Matchweek 1,1.6,1.0,0.0,14.0,4.0,18.7,0.0,0.0,0.6,0.0,1.0,10.0,2.0,18.5,0.0,0.0
2025-08-30,20:45 (18:45),Serie A,2025-2026,Roma,Pisa,Away,Matchweek 2,0.8,1.0,0.0,10.0,5.0,19.3,1.0,0.0,0.6,0.0,1.0,7.0,3.0,21.7,0.0,0.0
2025-09-14,12:30 (10:30),Serie A,2025-2026,Roma,Torino,Home,Matchweek 3,1.1,0.0,1.0,22.0,5.0,16.9,2.0,0.0,0.6,1.0,0.0,8.0,4.0,19.5,0.0,0.0
2025-09-21,12:30 (10:30),Serie A,2025-2026,Roma,Lazio,Away,Matchweek 4,1.1,1.0,0.0,13.0,6.0,13.1,1.0,0.0,1.0,0.0,1.0,10.0,2.0,19.9,0.0,0.0
2025-09-24,21:00 (19:00),Europa Lg,2025-2026,Roma,fr Nice,Away,League phase,,,,,,,,,,,,,,,,
2025-09-28,15:00 (13:00),Serie A,2025-2026,Roma,Hellas Verona,Home,Matchweek 5,,,,,,,,,,,,,,,,
2025-10-02,18:45 (16:45),Europa Lg,2025-2026,Roma,fr Lille,Home,League phase,,,,,,,,,,,,,,,,
2025-10-05,15:00 (13:00),Serie A,2025-2026,Roma,Fiorentina,Away,Matchweek 6,,,,,,,,,,,,,,,,
2025-10-18,20:45 (18:45),Serie A,2025-2026,Roma,Inter,Home,Matchweek 7,,,,,,,,,,,,,,,,
2025-10-23,21:00 (19:00),Europa Lg,2025-2026,Roma,cz Viktoria Plzeň,Home,League phase,,,,,,,,,,,,,,,,
2025-10-26,15:00 (14:00),Serie A,2025-2026,Roma,Sassuolo,Away,Matchweek 8,,,,,,,,,,,,,,,,
2025-10-29,18:30 (17:30),Serie A,2025-2026,Roma,Parma,Home,Matchweek 9,,,,,,,,,,,,,,,,
2025-11-02,20:45 (19:45),Serie A,2025-2026,Roma,Milan,Away,Matchweek 10,,,,,,,,,,,,,,,,
2025-11-06,20:00,Europa Lg,2025-2026,Roma,sct Rangers,Away,League phase,,,,,,,,,,,,,,,,
2025-11-09,18:00 (17:00),Serie A,2025-2026,Roma,Udinese,Home,Matchweek 11,,,,,,,,,,,,,,,,
2025-11-23,15:00 (14:00),Serie A,2025-2026,Roma,Cremonese,Away,Matchweek 12,,,,,,,,,,,,,,,,
2025-11-27,18:45 (17:45),Europa Lg,2025-2026,Roma,dk Midtjylland,Home,League phase,,,,,,,,,,,,,,,,
2025-11-30,,Serie A,2025-2026,Roma,Napoli,Home,Matchweek 13,,,,,,,,,,,,,,,,
2025-12-07,,Serie A,2025-2026,Roma,Cagliari,Away,Matchweek 14,,,,,,,,,,,,,,,,
2025-12-11,20:00,Europa Lg,2025-2026,Roma,sct Celtic,Away,League phase,,,,,,,,,,,,,,,,
2025-12-14,,Serie A,2025-2026,Roma,Como,Home,Matchweek 15,,,,,,,,,,,,,,,,
2025-12-21,,Serie A,2025-2026,Roma,Juventus,Away,Matchweek 16,,,,,,,,,,,,,,,,
2025-12-28,,Serie A,2025-2026,Roma,Genoa,Home,Matchweek 17,,,,,,,,,,,,,,,,
2026-01-03,,Serie A,2025-2026,Roma,Atalanta,Away,Matchweek 18,,,,,,,,,,,,,,,,
2026-01-06,,Serie A,2025-2026,Roma,Lecce,Away,Matchweek 19,,,,,,,,,,,,,,,,
2026-01-11,,Serie A,2025-2026,Roma,Sassuolo,Home,Matchweek 20,,,,,,,,,,,,,,,,
2026-01-18,,Serie A,2025-2026,Roma,Torino,Away,Matchweek 21,,,,,,,,,,,,,,,,
2026-01-22,21:00 (20:00),Europa Lg,2025-2026,Roma,de Stuttgart,Home,League phase,,,,,,,,,,,,,,,,
2026-01-25,,Serie A,2025-2026,Roma,Milan,Home,Matchweek 22,,,,,,,,,,,,,,,,
2026-01-29,22:00 (20:00),Europa Lg,2025-2026,Roma,gr Panathinaikos,Away,League phase,,,,,,,,,,,,,,,,
2026-02-01,,Serie A,2025-2026,Roma,Udinese,Away,Matchweek 23,,,,,,,,,,,,,,,,
2026-02-08,,Serie A,2025-2026,Roma,Cagliari,Home,Matchweek 24,,,,,,,,,,,,,,,,
2026-02-15,,Serie A,2025-2026,Roma,Napoli,Away,Matchweek 25,,,,,,,,,,,,,,,,
2026-02-22,,Serie A,2025-2026,Roma,Cremonese,Home,Matchweek 26,,,,,,,,,,,,,,,,
2026-03-01,,Serie A,2025-2026,Roma,Juventus,Home,Matchweek 27,,,,,,,,,,,,,,,,
Date,Time,Comp,2025-2026,Roma,Opponent,Venue,Round,,,,,,,,,,,,,,,,
2026-03-08,,Serie A,2025-2026,Roma,Genoa,Away,Matchweek 28,,,,,,,,,,,,,,,,
2026-03-15,,Serie A,2025-2026,Roma,Como,Away,Matchweek 29,,,,,,,,,,,,,,,,
2026-03-22,,Serie A,2025-2026,Roma,Lecce,Home,Matchweek 30,,,,,,,,,,,,,,,,
2026-04-04,,Serie A,2025-2026,Roma,Inter,Away,Matchweek 31,,,,,,,,,,,,,,,,
2026-04-12,,Serie A,2025-2026,Roma,Pisa,Home,Matchweek 32,,,,,,,,,,,,,,,,
2026-04-19,,Serie A,2025-2026,Roma,Atalanta,Home,Matchweek 33,,,,,,,,,,,,,,,,
2026-04-26,,Serie A,2025-2026,Roma,Bologna,Away,Matchweek 34,,,,,,,,,,,,,,,,
2026-05-03,,Serie A,2025-2026,Roma,Fiorentina,Home,Matchweek 35,,,,,,,,,,,,,,,,
2026-05-10,,Serie A,2025-2026,Roma,Parma,Away,Matchweek 36,,,,,,,,,,,,,,,,
2026-05-17,,Serie A,2025-2026,Roma,Lazio,Home,Matchweek 37,,,,,,,,,,,,,,,,
2026-05-24,,Serie A,2025-2026,Roma,Hellas Verona,Away,Matchweek 38,,,,,,,,,,,,,,,,
2025-08-24,20:45 (18:45),Serie A,2025-2026,Atalanta,Pisa,Home,Matchweek 1,1.9,1.0,1.0,21.0,6.0,16.4,0.0,0.0,0.6,1.0,1.0,11.0,2.0,17.7,0.0,0.0
2025-08-30,18:30 (16:30),Serie A,2025-2026,Atalanta,Parma,Away,Matchweek 2,0.8,1.0,1.0,11.0,3.0,17.4,0.0,0.0,0.7,1.0,1.0,7.0,3.0,20.1,0.0,0.0
2025-09-14,15:00 (13:00),Serie A,2025-2026,Atalanta,Lecce,Home,Matchweek 3,2.1,4.0,1.0,19.0,8.0,16.2,1.0,0.0,0.5,1.0,4.0,12.0,3.0,21.8,0.0,0.0
2025-09-17,21:00 (19:00),Champions Lg,2025-2026,Atalanta,fr Paris S-G,Away,League phase,0.6,0.0,4.0,7.0,2.0,17.8,0.0,0.0,3.4,4.0,0.0,21.0,12.0,17.3,0.0,0.0
2025-09-21,15:00 (13:00),Serie A,2025-2026,Atalanta,Torino,Away,Matchweek 4,1.6,3.0,0.0,9.0,5.0,14.2,0.0,0.0,1.2,0.0,3.0,10.0,4.0,23.0,0.0,0.0
2025-09-27,18:00 (16:00),Serie A,2025-2026,Atalanta,Juventus,Away,Matchweek 5,,,,,,,,,,,,,,,,
2025-09-30,18:45 (16:45),Champions Lg,2025-2026,Atalanta,be Club Brugge,Home,League phase,,,,,,,,,,,,,,,,
2025-10-04,20:45 (18:45),Serie A,2025-2026,Atalanta,Como,Home,Matchweek 6,,,,,,,,,,,,,,,,
2025-10-19,18:00 (16:00),Serie A,2025-2026,Atalanta,Lazio,Home,Matchweek 7,,,,,,,,,,,,,,,,
2025-10-22,21:00 (19:00),Champions Lg,2025-2026,Atalanta,cz Slavia Prague,Home,League phase,,,,,,,,,,,,,,,,
2025-10-25,20:45 (18:45),Serie A,2025-2026,Atalanta,Cremonese,Away,Matchweek 8,,,,,,,,,,,,,,,,
2025-10-28,20:45 (19:45),Serie A,2025-2026,Atalanta,Milan,Home,Matchweek 9,,,,,,,,,,,,,,,,
2025-11-01,15:00 (14:00),Serie A,2025-2026,Atalanta,Udinese,Away,Matchweek 10,,,,,,,,,,,,,,,,
2025-11-05,21:00 (20:00),Champions Lg,2025-2026,Atalanta,fr Marseille,Away,League phase,,,,,,,,,,,,,,,,
2025-11-09,12:30 (11:30),Serie A,2025-2026,Atalanta,Sassuolo,Home,Matchweek 11,,,,,,,,,,,,,,,,
2025-11-22,20:45 (19:45),Serie A,2025-2026,Atalanta,Napoli,Away,Matchweek 12,,,,,,,,,,,,,,,,
2025-11-26,21:00 (20:00),Champions Lg,2025-2026,Atalanta,de Eint Frankfurt,Away,League phase,,,,,,,,,,,,,,,,
2025-11-30,,Serie A,2025-2026,Atalanta,Fiorentina,Home,Matchweek 13,,,,,,,,,,,,,,,,
2025-12-07,,Serie A,2025-2026,Atalanta,Hellas Verona,Away,Matchweek 14,,,,,,,,,,,,,,,,
2025-12-09,21:00 (20:00),Champions Lg,2025-2026,Atalanta,eng Chelsea,Home,League phase,,,,,,,,,,,,,,,,
2025-12-14,,Serie A,2025-2026,Atalanta,Cagliari,Home,Matchweek 15,,,,,,,,,,,,,,,,
2025-12-21,,Serie A,2025-2026,Atalanta,Genoa,Away,Matchweek 16,,,,,,,,,,,,,,,,
2025-12-28,,Serie A,2025-2026,Atalanta,Inter,Home,Matchweek 17,,,,,,,,,,,,,,,,
2026-01-03,,Serie A,2025-2026,Atalanta,Roma,Home,Matchweek 18,,,,,,,,,,,,,,,,
2026-01-06,,Serie A,2025-2026,Atalanta,Bologna,Away,Matchweek 19,,,,,,,,,,,,,,,,
2026-01-11,,Serie A,2025-2026,Atalanta,Torino,Home,Matchweek 20,,,,,,,,,,,,,,,,
2026-01-18,,Serie A,2025-2026,Atalanta,Pisa,Away,Matchweek 21,,,,,,,,,,,,,,,,
2026-01-21,21:00 (20:00),Champions Lg,2025-2026,Atalanta,es Athletic Club,Home,League phase,,,,,,,,,,,,,,,,
2026-01-25,,Serie A,2025-2026,Atalanta,Parma,Home,Matchweek 22,,,,,,,,,,,,,,,,
2026-01-28,21:00 (20:00),Champions Lg,2025-2026,Atalanta,be Union SG,Away,League phase,,,,,,,,,,,,,,,,
2026-02-01,,Serie A,2025-2026,Atalanta,Como,Away,Matchweek 23,,,,,,,,,,,,,,,,
2026-02-08,,Serie A,2025-2026,Atalanta,Cremonese,Home,Matchweek 24,,,,,,,,,,,,,,,,
2026-02-15,,Serie A,2025-2026,Atalanta,Lazio,Away,Matchweek 25,,,,,,,,,,,,,,,,
2026-02-22,,Serie A,2025-2026,Atalanta,Napoli,Home,Matchweek 26,,,,,,,,,,,,,,,,
2026-03-01,,Serie A,2025-2026,Atalanta,Sassuolo,Away,Matchweek 27,,,,,,,,,,,,,,,,
Date,Time,Comp,2025-2026,Atalanta,Opponent,Venue,Round,,,,,,,,,,,,,,,,
2026-03-08,,Serie A,2025-2026,Atalanta,Udinese,Home,Matchweek 28,,,,,,,,,,,,,,,,
2026-03-15,,Serie A,2025-2026,Atalanta,Inter,Away,Matchweek 29,,,,,,,,,,,,,,,,
2026-03-22,,Serie A,2025-2026,Atalanta,Hellas Verona,Home,Matchweek 30,,,,,,,,,,,,,,,,
2026-04-04,,Serie A,2025-2026,Atalanta,Lecce,Away,Matchweek 31,,,,,,,,,,,,,,,,
2026-04-12,,Serie A,2025-2026,Atalanta,Juventus,Home,Matchweek 32,,,,,,,,,,,,,,,,
2026-04-19,,Serie A,2025-2026,Atalanta,Roma,Away,Matchweek 33,,,,,,,,,,,,,,,,
2026-04-26,,Serie A,2025-2026,Atalanta,Cagliari,Away,Matchweek 34,,,,,,,,,,,,,,,,
2026-05-03,,Serie A,2025-2026,Atalanta,Genoa,Home,Matchweek 35,,,,,,,,,,,,,,,,
2026-05-10,,Serie A,2025-2026,Atalanta,Milan,Away,Matchweek 36,,,,,,,,,,,,,,,,
2026-05-17,,Serie A,2025-2026,Atalanta,Bologna,Home,Matchweek 37,,,,,,,,,,,,,,,,
2026-05-24,,Serie A,2025-2026,Atalanta,Fiorentina,Away,Matchweek 38,,,,,,,,,,,,,,,,
2025-08-16,21:15 (19:15),Coppa Italia,2025-2026,Cremonese,Palermo,Home,First round,,0 (4),0 (5),6.0,0.0,,,0.0,,0 (5),0 (4),7.0,2.0,,,0.0
2025-08-23,20:45 (18:45),Serie A,2025-2026,Cremonese,Milan,Away,Matchweek 1,0.2,2,1,4.0,3.0,13.6,0.0,0.0,1.8,1,2,24.0,5.0,15.5,0.0,0.0
2025-08-29,18:30 (16:30),Serie A,2025-2026,Cremonese,Sassuolo,Home,Matchweek 2,2.7,3,2,10.0,5.0,16.3,1.0,1.0,1.3,2,3,8.0,5.0,19.8,1.0,1.0
2025-09-15,18:30 (16:30),Serie A,2025-2026,Cremonese,Hellas Verona,Away,Matchweek 3,0.2,0,0,6.0,2.0,24.4,0.0,0.0,1.5,0,0,20.0,9.0,19.8,0.0,0.0
2025-09-21,15:00 (13:00),Serie A,2025-2026,Cremonese,Parma,Home,Matchweek 4,0.1,0,0,3.0,1.0,18.8,0.0,0.0,0.8,0,0,15.0,3.0,16.9,1.0,0.0
2025-09-27,15:00 (13:00),Serie A,2025-2026,Cremonese,Como,Away,Matchweek 5,,,,,,,,,,,,,,,,
2025-10-04,18:00 (16:00),Serie A,2025-2026,Cremonese,Inter,Away,Matchweek 6,,,,,,,,,,,,,,,,
2025-10-20,20:45 (18:45),Serie A,2025-2026,Cremonese,Udinese,Home,Matchweek 7,,,,,,,,,,,,,,,,
2025-10-25,20:45 (18:45),Serie A,2025-2026,Cremonese,Atalanta,Home,Matchweek 8,,,,,,,,,,,,,,,,
2025-10-29,20:45 (19:45),Serie A,2025-2026,Cremonese,Genoa,Away,Matchweek 9,,,,,,,,,,,,,,,,
2025-11-01,20:45 (19:45),Serie A,2025-2026,Cremonese,Juventus,Home,Matchweek 10,,,,,,,,,,,,,,,,
2025-11-07,20:45 (19:45),Serie A,2025-2026,Cremonese,Pisa,Away,Matchweek 11,,,,,,,,,,,,,,,,
2025-11-23,15:00 (14:00),Serie A,2025-2026,Cremonese,Roma,Home,Matchweek 12,,,,,,,,,,,,,,,,
2025-11-30,,Serie A,2025-2026,Cremonese,Bologna,Away,Matchweek 13,,,,,,,,,,,,,,,,
2025-12-07,,Serie A,2025-2026,Cremonese,Lecce,Home,Matchweek 14,,,,,,,,,,,,,,,,
2025-12-14,,Serie A,2025-2026,Cremonese,Torino,Away,Matchweek 15,,,,,,,,,,,,,,,,
2025-12-21,,Serie A,2025-2026,Cremonese,Lazio,Away,Matchweek 16,,,,,,,,,,,,,,,,
2025-12-28,,Serie A,2025-2026,Cremonese,Napoli,Home,Matchweek 17,,,,,,,,,,,,,,,,
2026-01-03,,Serie A,2025-2026,Cremonese,Fiorentina,Away,Matchweek 18,,,,,,,,,,,,,,,,
2026-01-06,,Serie A,2025-2026,Cremonese,Cagliari,Home,Matchweek 19,,,,,,,,,,,,,,,,
2026-01-11,,Serie A,2025-2026,Cremonese,Juventus,Away,Matchweek 20,,,,,,,,,,,,,,,,
2026-01-18,,Serie A,2025-2026,Cremonese,Hellas Verona,Home,Matchweek 21,,,,,,,,,,,,,,,,
2026-01-25,,Serie A,2025-2026,Cremonese,Sassuolo,Away,Matchweek 22,,,,,,,,,,,,,,,,
2026-02-01,,Serie A,2025-2026,Cremonese,Inter,Home,Matchweek 23,,,,,,,,,,,,,,,,
2026-02-08,,Serie A,2025-2026,Cremonese,Atalanta,Away,Matchweek 24,,,,,,,,,,,,,,,,
2026-02-15,,Serie A,2025-2026,Cremonese,Genoa,Home,Matchweek 25,,,,,,,,,,,,,,,,
2026-02-22,,Serie A,2025-2026,Cremonese,Roma,Away,Matchweek 26,,,,,,,,,,,,,,,,
2026-03-01,,Serie A,2025-2026,Cremonese,Milan,Home,Matchweek 27,,,,,,,,,,,,,,,,
2026-03-08,,Serie A,2025-2026,Cremonese,Lecce,Away,Matchweek 28,,,,,,,,,,,,,,,,
2026-03-15,,Serie A,2025-2026,Cremonese,Fiorentina,Home,Matchweek 29,,,,,,,,,,,,,,,,
2026-03-22,,Serie A,2025-2026,Cremonese,Parma,Away,Matchweek 30,,,,,,,,,,,,,,,,
2026-04-04,,Serie A,2025-2026,Cremonese,Bologna,Home,Matchweek 31,,,,,,,,,,,,,,,,
2026-04-12,,Serie A,2025-2026,Cremonese,Cagliari,Away,Matchweek 32,,,,,,,,,,,,,,,,
2026-04-19,,Serie A,2025-2026,Cremonese,Torino,Home,Matchweek 33,,,,,,,,,,,,,,,,
2026-04-26,,Serie A,2025-2026,Cremonese,Napoli,Away,Matchweek 34,,,,,,,,,,,,,,,,
2026-05-03,,Serie A,2025-2026,Cremonese,Lazio,Home,Matchweek 35,,,,,,,,,,,,,,,,
2026-05-10,,Serie A,2025-2026,Cremonese,Pisa,Home,Matchweek 36,,,,,,,,,,,,,,,,
2026-05-17,,Serie A,2025-2026,Cremonese,Udinese,Away,Matchweek 37,,,,,,,,,,,,,,,,
2026-05-24,,Serie A,2025-2026,Cremonese,Como,Home,Matchweek 38,,,,,,,,,,,,,,,,
2025-08-16,20:45 (18:45),Coppa Italia,2025-2026,Cagliari,Virtus Entella,Home,First round,,1 (5),1 (4),11.0,3.0,,,0.0,,1 (4),1 (5),5.0,2.0,,,0.0
2025-08-24,18:30 (16:30),Serie A,2025-2026,Cagliari,Fiorentina,Home,Matchweek 1,1.1,1,1,14.0,5.0,16.9,1.0,0.0,1.0,1,1,4.0,1.0,16.3,0.0,0.0
2025-08-30,20:45 (18:45),Serie A,2025-2026,Cagliari,Napoli,Away,Matchweek 2,0.5,0,1,10.0,1.0,26.8,1.0,0.0,1.5,1,0,20.0,6.0,15.4,0.0,0.0
2025-09-13,15:00 (13:00),Serie A,2025-2026,Cagliari,Parma,Home,Matchweek 3,1.1,2,0,12.0,5.0,16.8,0.0,0.0,1.9,0,2,17.0,5.0,16.1,1.0,0.0
2025-09-19,20:45 (18:45),Serie A,2025-2026,Cagliari,Lecce,Away,Matchweek 4,2.2,2,1,14.0,5.0,15.1,0.0,1.0,1.0,1,2,11.0,5.0,15.6,0.0,0.0
2025-09-23,17:00 (15:00),Coppa Italia,2025-2026,Cagliari,Frosinone,Home,Second round,,,,,,,,,,,,,,,,
2025-09-27,20:45 (18:45),Serie A,2025-2026,Cagliari,Inter,Home,Matchweek 5,,,,,,,,,,,,,,,,
2025-10-05,12:30 (10:30),Serie A,2025-2026,Cagliari,Udinese,Away,Matchweek 6,,,,,,,,,,,,,,,,
2025-10-19,15:00 (13:00),Serie A,2025-2026,Cagliari,Bologna,Home,Matchweek 7,,,,,,,,,,,,,,,,
2025-10-26,15:00 (14:00),Serie A,2025-2026,Cagliari,Hellas Verona,Away,Matchweek 8,,,,,,,,,,,,,,,,
2025-10-30,18:30 (17:30),Serie A,2025-2026,Cagliari,Sassuolo,Home,Matchweek 9,,,,,,,,,,,,,,,,
2025-11-03,20:45 (19:45),Serie A,2025-2026,Cagliari,Lazio,Away,Matchweek 10,,,,,,,,,,,,,,,,
2025-11-08,15:00 (14:00),Serie A,2025-2026,Cagliari,Como,Away,Matchweek 11,,,,,,,,,,,,,,,,
2025-11-22,15:00 (14:00),Serie A,2025-2026,Cagliari,Genoa,Home,Matchweek 12,,,,,,,,,,,,,,,,
2025-11-30,,Serie A,2025-2026,Cagliari,Juventus,Away,Matchweek 13,,,,,,,,,,,,,,,,
2025-12-07,,Serie A,2025-2026,Cagliari,Roma,Home,Matchweek 14,,,,,,,,,,,,,,,,
2025-12-14,,Serie A,2025-2026,Cagliari,Atalanta,Away,Matchweek 15,,,,,,,,,,,,,,,,
2025-12-21,,Serie A,2025-2026,Cagliari,Pisa,Home,Matchweek 16,,,,,,,,,,,,,,,,
2025-12-28,,Serie A,2025-2026,Cagliari,Torino,Away,Matchweek 17,,,,,,,,,,,,,,,,
2026-01-03,,Serie A,2025-2026,Cagliari,Milan,Home,Matchweek 18,,,,,,,,,,,,,,,,
2026-01-06,,Serie A,2025-2026,Cagliari,Cremonese,Away,Matchweek 19,,,,,,,,,,,,,,,,
2026-01-11,,Serie A,2025-2026,Cagliari,Genoa,Away,Matchweek 20,,,,,,,,,,,,,,,,
2026-01-18,,Serie A,2025-2026,Cagliari,Juventus,Home,Matchweek 21,,,,,,,,,,,,,,,,
2026-01-25,,Serie A,2025-2026,Cagliari,Fiorentina,Away,Matchweek 22,,,,,,,,,,,,,,,,
2026-02-01,,Serie A,2025-2026,Cagliari,Hellas Verona,Home,Matchweek 23,,,,,,,,,,,,,,,,
2026-02-08,,Serie A,2025-2026,Cagliari,Roma,Away,Matchweek 24,,,,,,,,,,,,,,,,
2026-02-15,,Serie A,2025-2026,Cagliari,Lecce,Home,Matchweek 25,,,,,,,,,,,,,,,,
2026-02-22,,Serie A,2025-2026,Cagliari,Lazio,Home,Matchweek 26,,,,,,,,,,,,,,,,
2026-03-01,,Serie A,2025-2026,Cagliari,Parma,Away,Matchweek 27,,,,,,,,,,,,,,,,
2026-03-08,,Serie A,2025-2026,Cagliari,Como,Home,Matchweek 28,,,,,,,,,,,,,,,,
2026-03-15,,Serie A,2025-2026,Cagliari,Pisa,Away,Matchweek 29,,,,,,,,,,,,,,,,
2026-03-22,,Serie A,2025-2026,Cagliari,Napoli,Home,Matchweek 30,,,,,,,,,,,,,,,,
2026-04-04,,Serie A,2025-2026,Cagliari,Sassuolo,Away,Matchweek 31,,,,,,,,,,,,,,,,
2026-04-12,,Serie A,2025-2026,Cagliari,Cremonese,Home,Matchweek 32,,,,,,,,,,,,,,,,
2026-04-19,,Serie A,2025-2026,Cagliari,Inter,Away,Matchweek 33,,,,,,,,,,,,,,,,
2026-04-26,,Serie A,2025-2026,Cagliari,Atalanta,Home,Matchweek 34,,,,,,,,,,,,,,,,
2026-05-03,,Serie A,2025-2026,Cagliari,Bologna,Away,Matchweek 35,,,,,,,,,,,,,,,,
2026-05-10,,Serie A,2025-2026,Cagliari,Udinese,Home,Matchweek 36,,,,,,,,,,,,,,,,
2026-05-17,,Serie A,2025-2026,Cagliari,Torino,Home,Matchweek 37,,,,,,,,,,,,,,,,
2026-05-24,,Serie A,2025-2026,Cagliari,Milan,Away,Matchweek 38,,,,,,,,,,,,,,,,
2025-08-16,18:30 (16:30),Coppa Italia,2025-2026,Como,Südtirol,Home,First round,,3.0,1.0,16.0,9.0,,,0.0,,1.0,3.0,5.0,3.0,,,1.0
2025-08-24,18:30 (16:30),Serie A,2025-2026,Como,Lazio,Home,Matchweek 1,1.3,2.0,0.0,19.0,6.0,18.3,1.0,0.0,0.3,0.0,2.0,5.0,1.0,23.0,0.0,0.0
2025-08-30,18:30 (16:30),Serie A,2025-2026,Como,Bologna,Away,Matchweek 2,0.7,0.0,1.0,13.0,2.0,20.5,0.0,0.0,1.1,1.0,0.0,15.0,2.0,17.2,0.0,0.0
2025-09-15,20:45 (18:45),Serie A,2025-2026,Como,Genoa,Home,Matchweek 3,1.8,1.0,1.0,13.0,4.0,17.3,0.0,0.0,2.2,1.0,1.0,12.0,4.0,12.0,0.0,0.0
2025-09-21,18:00 (16:00),Serie A,2025-2026,Como,Fiorentina,Away,Matchweek 4,1.2,2.0,1.0,19.0,7.0,18.8,1.0,0.0,0.5,1.0,2.0,8.0,1.0,19.9,1.0,0.0
2025-09-24,21:00 (19:00),Coppa Italia,2025-2026,Como,Sassuolo,Home,Second round,,,,,,,,,,,,,,,,
2025-09-27,15:00 (13:00),Serie A,2025-2026,Como,Cremonese,Home,Matchweek 5,,,,,,,,,,,,,,,,
2025-10-04,20:45 (18:45),Serie A,2025-2026,Como,Atalanta,Away,Matchweek 6,,,,,,,,,,,,,,,,
2025-10-19,12:30 (10:30),Serie A,2025-2026,Como,Juventus,Home,Matchweek 7,,,,,,,,,,,,,,,,
2025-10-25,15:00 (13:00),Serie A,2025-2026,Como,Parma,Away,Matchweek 8,,,,,,,,,,,,,,,,
2025-10-29,18:30 (17:30),Serie A,2025-2026,Como,Hellas Verona,Home,Matchweek 9,,,,,,,,,,,,,,,,
2025-11-01,18:00 (17:00),Serie A,2025-2026,Como,Napoli,Away,Matchweek 10,,,,,,,,,,,,,,,,
2025-11-08,15:00 (14:00),Serie A,2025-2026,Como,Cagliari,Home,Matchweek 11,,,,,,,,,,,,,,,,
2025-11-24,18:30 (17:30),Serie A,2025-2026,Como,Torino,Away,Matchweek 12,,,,,,,,,,,,,,,,
2025-11-30,,Serie A,2025-2026,Como,Sassuolo,Home,Matchweek 13,,,,,,,,,,,,,,,,
2025-12-07,,Serie A,2025-2026,Como,Inter,Away,Matchweek 14,,,,,,,,,,,,,,,,
2025-12-14,,Serie A,2025-2026,Como,Roma,Away,Matchweek 15,,,,,,,,,,,,,,,,
2025-12-21,,Serie A,2025-2026,Como,Milan,Home,Matchweek 16,,,,,,,,,,,,,,,,
2025-12-28,,Serie A,2025-2026,Como,Lecce,Away,Matchweek 17,,,,,,,,,,,,,,,,
2026-01-03,,Serie A,2025-2026,Como,Udinese,Home,Matchweek 18,,,,,,,,,,,,,,,,
2026-01-06,,Serie A,2025-2026,Como,Pisa,Away,Matchweek 19,,,,,,,,,,,,,,,,
2026-01-11,,Serie A,2025-2026,Como,Bologna,Home,Matchweek 20,,,,,,,,,,,,,,,,
2026-01-18,,Serie A,2025-2026,Como,Lazio,Away,Matchweek 21,,,,,,,,,,,,,,,,
2026-01-25,,Serie A,2025-2026,Como,Torino,Home,Matchweek 22,,,,,,,,,,,,,,,,
2026-02-01,,Serie A,2025-2026,Como,Atalanta,Home,Matchweek 23,,,,,,,,,,,,,,,,
2026-02-08,,Serie A,2025-2026,Como,Milan,Away,Matchweek 24,,,,,,,,,,,,,,,,
2026-02-15,,Serie A,2025-2026,Como,Fiorentina,Home,Matchweek 25,,,,,,,,,,,,,,,,
2026-02-22,,Serie A,2025-2026,Como,Juventus,Away,Matchweek 26,,,,,,,,,,,,,,,,
2026-03-01,,Serie A,2025-2026,Como,Lecce,Home,Matchweek 27,,,,,,,,,,,,,,,,
2026-03-08,,Serie A,2025-2026,Como,Cagliari,Away,Matchweek 28,,,,,,,,,,,,,,,,
2026-03-15,,Serie A,2025-2026,Como,Roma,Home,Matchweek 29,,,,,,,,,,,,,,,,
2026-03-22,,Serie A,2025-2026,Como,Pisa,Home,Matchweek 30,,,,,,,,,,,,,,,,
2026-04-04,,Serie A,2025-2026,Como,Udinese,Away,Matchweek 31,,,,,,,,,,,,,,,,
2026-04-12,,Serie A,2025-2026,Como,Inter,Home,Matchweek 32,,,,,,,,,,,,,,,,
2026-04-19,,Serie A,2025-2026,Como,Sassuolo,Away,Matchweek 33,,,,,,,,,,,,,,,,
2026-04-26,,Serie A,2025-2026,Como,Genoa,Away,Matchweek 34,,,,,,,,,,,,,,,,
2026-05-03,,Serie A,2025-2026,Como,Napoli,Home,Matchweek 35,,,,,,,,,,,,,,,,
2026-05-10,,Serie A,2025-2026,Como,Hellas Verona,Away,Matchweek 36,,,,,,,,,,,,,,,,
2026-05-17,,Serie A,2025-2026,Como,Parma,Home,Matchweek 37,,,,,,,,,,,,,,,,
2026-05-24,,Serie A,2025-2026,Como,Cremonese,Away,Matchweek 38,,,,,,,,,,,,,,,,
2025-08-18,20:45 (18:45),Coppa Italia,2025-2026,Udinese,Carrarese,Home,First round,,2.0,0.0,21.0,10.0,,,0.0,,0.0,2.0,9.0,2.0,,,0.0
2025-08-25,18:30 (16:30),Serie A,2025-2026,Udinese,Hellas Verona,Home,Matchweek 1,0.7,1.0,1.0,14.0,4.0,19.4,0.0,0.0,0.5,1.0,1.0,9.0,3.0,22.5,1.0,0.0
2025-08-31,20:45 (18:45),Serie A,2025-2026,Udinese,Inter,Away,Matchweek 2,1.1,2.0,1.0,9.0,4.0,24.9,1.0,1.0,1.8,1.0,2.0,16.0,3.0,12.6,0.0,0.0
2025-09-14,15:00 (13:00),Serie A,2025-2026,Udinese,Pisa,Away,Matchweek 3,1.0,1.0,0.0,13.0,3.0,18.0,0.0,0.0,0.5,0.0,1.0,12.0,2.0,18.4,0.0,0.0
2025-09-20,20:45 (18:45),Serie A,2025-2026,Udinese,Milan,Home,Matchweek 4,0.3,0.0,3.0,10.0,4.0,27.2,0.0,0.0,1.4,3.0,0.0,13.0,6.0,14.2,0.0,0.0
2025-09-23,18:30 (16:30),Coppa Italia,2025-2026,Udinese,Palermo,Home,Second round,,,,,,,,,,,,,,,,
2025-09-28,12:30 (10:30),Serie A,2025-2026,Udinese,Sassuolo,Away,Matchweek 5,,,,,,,,,,,,,,,,
2025-10-05,12:30 (10:30),Serie A,2025-2026,Udinese,Cagliari,Home,Matchweek 6,,,,,,,,,,,,,,,,
2025-10-20,20:45 (18:45),Serie A,2025-2026,Udinese,Cremonese,Away,Matchweek 7,,,,,,,,,,,,,,,,
2025-10-25,15:00 (13:00),Serie A,2025-2026,Udinese,Lecce,Home,Matchweek 8,,,,,,,,,,,,,,,,
2025-10-29,18:30 (17:30),Serie A,2025-2026,Udinese,Juventus,Away,Matchweek 9,,,,,,,,,,,,,,,,
2025-11-01,15:00 (14:00),Serie A,2025-2026,Udinese,Atalanta,Home,Matchweek 10,,,,,,,,,,,,,,,,
2025-11-09,18:00 (17:00),Serie A,2025-2026,Udinese,Roma,Away,Matchweek 11,,,,,,,,,,,,,,,,
2025-11-22,15:00 (14:00),Serie A,2025-2026,Udinese,Bologna,Home,Matchweek 12,,,,,,,,,,,,,,,,
2025-11-30,,Serie A,2025-2026,Udinese,Parma,Away,Matchweek 13,,,,,,,,,,,,,,,,
2025-12-07,,Serie A,2025-2026,Udinese,Genoa,Home,Matchweek 14,,,,,,,,,,,,,,,,
2025-12-14,,Serie A,2025-2026,Udinese,Napoli,Home,Matchweek 15,,,,,,,,,,,,,,,,
2025-12-21,,Serie A,2025-2026,Udinese,Fiorentina,Away,Matchweek 16,,,,,,,,,,,,,,,,
2025-12-28,,Serie A,2025-2026,Udinese,Lazio,Home,Matchweek 17,,,,,,,,,,,,,,,,
2026-01-03,,Serie A,2025-2026,Udinese,Como,Away,Matchweek 18,,,,,,,,,,,,,,,,
2026-01-06,,Serie A,2025-2026,Udinese,Torino,Away,Matchweek 19,,,,,,,,,,,,,,,,
2026-01-11,,Serie A,2025-2026,Udinese,Pisa,Home,Matchweek 20,,,,,,,,,,,,,,,,
2026-01-18,,Serie A,2025-2026,Udinese,Inter,Home,Matchweek 21,,,,,,,,,,,,,,,,
2026-01-25,,Serie A,2025-2026,Udinese,Hellas Verona,Away,Matchweek 22,,,,,,,,,,,,,,,,
2026-02-01,,Serie A,2025-2026,Udinese,Roma,Home,Matchweek 23,,,,,,,,,,,,,,,,
2026-02-08,,Serie A,2025-2026,Udinese,Lecce,Away,Matchweek 24,,,,,,,,,,,,,,,,
2026-02-15,,Serie A,2025-2026,Udinese,Sassuolo,Home,Matchweek 25,,,,,,,,,,,,,,,,
2026-02-22,,Serie A,2025-2026,Udinese,Bologna,Away,Matchweek 26,,,,,,,,,,,,,,,,
2026-03-01,,Serie A,2025-2026,Udinese,Fiorentina,Home,Matchweek 27,,,,,,,,,,,,,,,,
2026-03-08,,Serie A,2025-2026,Udinese,Atalanta,Away,Matchweek 28,,,,,,,,,,,,,,,,
2026-03-15,,Serie A,2025-2026,Udinese,Juventus,Home,Matchweek 29,,,,,,,,,,,,,,,,
2026-03-22,,Serie A,2025-2026,Udinese,Genoa,Away,Matchweek 30,,,,,,,,,,,,,,,,
2026-04-04,,Serie A,2025-2026,Udinese,Como,Home,Matchweek 31,,,,,,,,,,,,,,,,
2026-04-12,,Serie A,2025-2026,Udinese,Milan,Away,Matchweek 32,,,,,,,,,,,,,,,,
2026-04-19,,Serie A,2025-2026,Udinese,Parma,Home,Matchweek 33,,,,,,,,,,,,,,,,
2026-04-26,,Serie A,2025-2026,Udinese,Lazio,Away,Matchweek 34,,,,,,,,,,,,,,,,
2026-05-03,,Serie A,2025-2026,Udinese,Torino,Home,Matchweek 35,,,,,,,,,,,,,,,,
2026-05-10,,Serie A,2025-2026,Udinese,Cagliari,Away,Matchweek 36,,,,,,,,,,,,,,,,
2026-05-17,,Serie A,2025-2026,Udinese,Cremonese,Home,Matchweek 37,,,,,,,,,,,,,,,,
2026-05-24,,Serie A,2025-2026,Udinese,Napoli,Away,Matchweek 38,,,,,,,,,,,,,,,,
2025-08-25,20:45 (18:45),Serie A,2025-2026,Internazionale,Torino,Home,Matchweek 1,1.6,5.0,0.0,20.0,9.0,15.4,1.0,0.0,0.9,0.0,5.0,12.0,4.0,17.1,0.0,0.0
2025-08-31,20:45 (18:45),Serie A,2025-2026,Internazionale,Udinese,Home,Matchweek 2,1.8,1.0,2.0,16.0,3.0,12.6,0.0,0.0,1.1,2.0,1.0,9.0,4.0,24.9,1.0,1.0
2025-09-13,18:00 (16:00),Serie A,2025-2026,Internazionale,Juventus,Away,Matchweek 3,0.9,3.0,4.0,18.0,4.0,19.8,1.0,0.0,0.7,4.0,3.0,12.0,4.0,21.3,0.0,0.0
2025-09-17,21:00 (19:00),Champions Lg,2025-2026,Internazionale,nl Ajax,Away,League phase,1.2,2.0,0.0,14.0,4.0,13.8,0.0,0.0,1.3,0.0,2.0,7.0,2.0,16.1,0.0,0.0
2025-09-21,20:45 (18:45),Serie A,2025-2026,Internazionale,Sassuolo,Home,Matchweek 4,1.9,2.0,1.0,20.0,6.0,14.2,0.0,0.0,0.9,1.0,2.0,9.0,5.0,20.8,0.0,0.0
2025-09-27,20:45 (18:45),Serie A,2025-2026,Internazionale,Cagliari,Away,Matchweek 5,,,,,,,,,,,,,,,,
2025-09-30,21:00 (19:00),Champions Lg,2025-2026,Internazionale,cz Slavia Prague,Home,League phase,,,,,,,,,,,,,,,,
2025-10-04,18:00 (16:00),Serie A,2025-2026,Internazionale,Cremonese,Home,Matchweek 6,,,,,,,,,,,,,,,,
2025-10-18,20:45 (18:45),Serie A,2025-2026,Internazionale,Roma,Away,Matchweek 7,,,,,,,,,,,,,,,,
2025-10-21,21:00 (19:00),Champions Lg,2025-2026,Internazionale,be Union SG,Away,League phase,,,,,,,,,,,,,,,,
2025-10-25,18:00 (16:00),Serie A,2025-2026,Internazionale,Napoli,Away,Matchweek 8,,,,,,,,,,,,,,,,
2025-10-29,20:45 (19:45),Serie A,2025-2026,Internazionale,Fiorentina,Home,Matchweek 9,,,,,,,,,,,,,,,,
2025-11-02,12:30 (11:30),Serie A,2025-2026,Internazionale,Hellas Verona,Away,Matchweek 10,,,,,,,,,,,,,,,,
2025-11-05,21:00 (20:00),Champions Lg,2025-2026,Internazionale,kz Qaırat Almaty,Home,League phase,,,,,,,,,,,,,,,,
2025-11-09,20:45 (19:45),Serie A,2025-2026,Internazionale,Lazio,Home,Matchweek 11,,,,,,,,,,,,,,,,
2025-11-23,20:45 (19:45),Serie A,2025-2026,Internazionale,Milan,Home,Matchweek 12,,,,,,,,,,,,,,,,
2025-11-26,21:00 (20:00),Champions Lg,2025-2026,Internazionale,es Atlético Madrid,Away,League phase,,,,,,,,,,,,,,,,
2025-11-30,,Serie A,2025-2026,Internazionale,Pisa,Away,Matchweek 13,,,,,,,,,,,,,,,,
2025-12-07,,Serie A,2025-2026,Internazionale,Como,Home,Matchweek 14,,,,,,,,,,,,,,,,
2025-12-09,21:00 (20:00),Champions Lg,2025-2026,Internazionale,eng Liverpool,Home,League phase,,,,,,,,,,,,,,,,
2025-12-14,,Serie A,2025-2026,Internazionale,Genoa,Away,Matchweek 15,,,,,,,,,,,,,,,,
2025-12-21,,Serie A,2025-2026,Internazionale,Lecce,Home,Matchweek 16,,,,,,,,,,,,,,,,
2025-12-28,,Serie A,2025-2026,Internazionale,Atalanta,Away,Matchweek 17,,,,,,,,,,,,,,,,
2026-01-03,,Serie A,2025-2026,Internazionale,Bologna,Home,Matchweek 18,,,,,,,,,,,,,,,,
2026-01-06,,Serie A,2025-2026,Internazionale,Parma,Away,Matchweek 19,,,,,,,,,,,,,,,,
2026-01-11,,Serie A,2025-2026,Internazionale,Napoli,Home,Matchweek 20,,,,,,,,,,,,,,,,
2026-01-18,,Serie A,2025-2026,Internazionale,Udinese,Away,Matchweek 21,,,,,,,,,,,,,,,,
2026-01-20,21:00 (20:00),Champions Lg,2025-2026,Internazionale,eng Arsenal,Home,League phase,,,,,,,,,,,,,,,,
2026-01-25,,Serie A,2025-2026,Internazionale,Pisa,Home,Matchweek 22,,,,,,,,,,,,,,,,
2026-01-28,21:00 (20:00),Champions Lg,2025-2026,Internazionale,de Dortmund,Away,League phase,,,,,,,,,,,,,,,,
2026-02-01,,Serie A,2025-2026,Internazionale,Cremonese,Away,Matchweek 23,,,,,,,,,,,,,,,,
2026-02-08,,Serie A,2025-2026,Internazionale,Sassuolo,Away,Matchweek 24,,,,,,,,,,,,,,,,
2026-02-15,,Serie A,2025-2026,Internazionale,Juventus,Home,Matchweek 25,,,,,,,,,,,,,,,,
2026-02-22,,Serie A,2025-2026,Internazionale,Lecce,Away,Matchweek 26,,,,,,,,,,,,,,,,
2026-03-01,,Serie A,2025-2026,Internazionale,Genoa,Home,Matchweek 27,,,,,,,,,,,,,,,,
Date,Time,Comp,2025-2026,Internazionale,Opponent,Venue,Round,,,,,,,,,,,,,,,,
2026-03-08,,Serie A,2025-2026,Internazionale,Milan,Away,Matchweek 28,,,,,,,,,,,,,,,,
2026-03-15,,Serie A,2025-2026,Internazionale,Atalanta,Home,Matchweek 29,,,,,,,,,,,,,,,,
2026-03-22,,Serie A,2025-2026,Internazionale,Fiorentina,Away,Matchweek 30,,,,,,,,,,,,,,,,
2026-04-04,,Serie A,2025-2026,Internazionale,Roma,Home,Matchweek 31,,,,,,,,,,,,,,,,
2026-04-12,,Serie A,2025-2026,Internazionale,Como,Away,Matchweek 32,,,,,,,,,,,,,,,,
2026-04-19,,Serie A,2025-2026,Internazionale,Cagliari,Home,Matchweek 33,,,,,,,,,,,,,,,,
2026-04-26,,Serie A,2025-2026,Internazionale,Torino,Away,Matchweek 34,,,,,,,,,,,,,,,,
2026-05-03,,Serie A,2025-2026,Internazionale,Parma,Home,Matchweek 35,,,,,,,,,,,,,,,,
2026-05-10,,Serie A,2025-2026,Internazionale,Lazio,Away,Matchweek 36,,,,,,,,,,,,,,,,
2026-05-17,,Serie A,2025-2026,Internazionale,Hellas Verona,Home,Matchweek 37,,,,,,,,,,,,,,,,
2026-05-24,,Serie A,2025-2026,Internazionale,Bologna,Away,Matchweek 38,,,,,,,,,,,,,,,,
2025-08-23,20:45 (18:45),Serie A,2025-2026,Bologna,Roma,Away,Matchweek 1,0.6,0.0,1.0,10.0,2.0,18.5,0.0,0.0,1.6,1.0,0.0,14.0,4.0,18.7,0.0,0.0
2025-08-30,18:30 (16:30),Serie A,2025-2026,Bologna,Como,Home,Matchweek 2,1.1,1.0,0.0,15.0,2.0,17.2,0.0,0.0,0.7,0.0,1.0,13.0,2.0,20.5,0.0,0.0
2025-09-14,20:45 (18:45),Serie A,2025-2026,Bologna,Milan,Away,Matchweek 3,0.2,0.0,1.0,5.0,0.0,20.4,0.0,0.0,1.0,1.0,0.0,14.0,3.0,16.0,0.0,0.0
2025-09-20,15:00 (13:00),Serie A,2025-2026,Bologna,Genoa,Home,Matchweek 4,1.6,2.0,1.0,13.0,5.0,16.5,0.0,1.0,0.5,1.0,2.0,7.0,4.0,16.6,0.0,0.0
2025-09-25,20:00 (19:00),Europa Lg,2025-2026,Bologna,eng Aston Villa,Away,League phase,,,,,,,,,,,,,,,,
2025-09-28,18:00 (16:00),Serie A,2025-2026,Bologna,Lecce,Away,Matchweek 5,,,,,,,,,,,,,,,,
2025-10-02,18:45 (16:45),Europa Lg,2025-2026,Bologna,de Freiburg,Home,League phase,,,,,,,,,,,,,,,,
2025-10-05,15:00 (13:00),Serie A,2025-2026,Bologna,Pisa,Home,Matchweek 6,,,,,,,,,,,,,,,,
2025-10-19,15:00 (13:00),Serie A,2025-2026,Bologna,Cagliari,Away,Matchweek 7,,,,,,,,,,,,,,,,
2025-10-23,19:45 (16:45),Europa Lg,2025-2026,Bologna,ro FCSB,Away,League phase,,,,,,,,,,,,,,,,
2025-10-26,18:00 (17:00),Serie A,2025-2026,Bologna,Fiorentina,Away,Matchweek 8,,,,,,,,,,,,,,,,
2025-10-29,20:45 (19:45),Serie A,2025-2026,Bologna,Torino,Home,Matchweek 9,,,,,,,,,,,,,,,,
2025-11-02,18:00 (17:00),Serie A,2025-2026,Bologna,Parma,Away,Matchweek 10,,,,,,,,,,,,,,,,
2025-11-06,21:00 (20:00),Europa Lg,2025-2026,Bologna,no Brann,Home,League phase,,,,,,,,,,,,,,,,
2025-11-09,15:00 (14:00),Serie A,2025-2026,Bologna,Napoli,Home,Matchweek 11,,,,,,,,,,,,,,,,
2025-11-22,15:00 (14:00),Serie A,2025-2026,Bologna,Udinese,Away,Matchweek 12,,,,,,,,,,,,,,,,
2025-11-27,21:00 (20:00),Europa Lg,2025-2026,Bologna,at RB Salzburg,Home,League phase,,,,,,,,,,,,,,,,
2025-11-30,,Serie A,2025-2026,Bologna,Cremonese,Home,Matchweek 13,,,,,,,,,,,,,,,,
2025-12-07,,Serie A,2025-2026,Bologna,Lazio,Away,Matchweek 14,,,,,,,,,,,,,,,,
2025-12-11,21:00 (20:00),Europa Lg,2025-2026,Bologna,es Celta Vigo,Away,League phase,,,,,,,,,,,,,,,,
2025-12-14,,Serie A,2025-2026,Bologna,Juventus,Home,Matchweek 15,,,,,,,,,,,,,,,,
2025-12-21,,Serie A,2025-2026,Bologna,Hellas Verona,Away,Matchweek 16,,,,,,,,,,,,,,,,
2025-12-28,,Serie A,2025-2026,Bologna,Sassuolo,Home,Matchweek 17,,,,,,,,,,,,,,,,
2026-01-03,,Serie A,2025-2026,Bologna,Inter,Away,Matchweek 18,,,,,,,,,,,,,,,,
2026-01-06,,Serie A,2025-2026,Bologna,Atalanta,Home,Matchweek 19,,,,,,,,,,,,,,,,
2026-01-11,,Serie A,2025-2026,Bologna,Como,Away,Matchweek 20,,,,,,,,,,,,,,,,
2026-01-18,,Serie A,2025-2026,Bologna,Fiorentina,Home,Matchweek 21,,,,,,,,,,,,,,,,
2026-01-22,18:45 (17:45),Europa Lg,2025-2026,Bologna,sct Celtic,Home,League phase,,,,,,,,,,,,,,,,
2026-01-25,,Serie A,2025-2026,Bologna,Genoa,Away,Matchweek 22,,,,,,,,,,,,,,,,
2026-01-29,21:00 (20:00),Europa Lg,2025-2026,Bologna,il Maccabi Tel Aviv,Away,League phase,,,,,,,,,,,,,,,,
2026-02-01,,Serie A,2025-2026,Bologna,Milan,Home,Matchweek 23,,,,,,,,,,,,,,,,
2026-02-08,,Serie A,2025-2026,Bologna,Parma,Home,Matchweek 24,,,,,,,,,,,,,,,,
2026-02-15,,Serie A,2025-2026,Bologna,Torino,Away,Matchweek 25,,,,,,,,,,,,,,,,
2026-02-22,,Serie A,2025-2026,Bologna,Udinese,Home,Matchweek 26,,,,,,,,,,,,,,,,
2026-03-01,,Serie A,2025-2026,Bologna,Pisa,Away,Matchweek 27,,,,,,,,,,,,,,,,
Date,Time,Comp,2025-2026,Bologna,Opponent,Venue,Round,,,,,,,,,,,,,,,,
2026-03-08,,Serie A,2025-2026,Bologna,Hellas Verona,Home,Matchweek 28,,,,,,,,,,,,,,,,
2026-03-15,,Serie A,2025-2026,Bologna,Sassuolo,Away,Matchweek 29,,,,,,,,,,,,,,,,
2026-03-22,,Serie A,2025-2026,Bologna,Lazio,Home,Matchweek 30,,,,,,,,,,,,,,,,
2026-04-04,,Serie A,2025-2026,Bologna,Cremonese,Away,Matchweek 31,,,,,,,,,,,,,,,,
2026-04-12,,Serie A,2025-2026,Bologna,Lecce,Home,Matchweek 32,,,,,,,,,,,,,,,,
2026-04-19,,Serie A,2025-2026,Bologna,Juventus,Away,Matchweek 33,,,,,,,,,,,,,,,,
2026-04-26,,Serie A,2025-2026,Bologna,Roma,Home,Matchweek 34,,,,,,,,,,,,,,,,
2026-05-03,,Serie A,2025-2026,Bologna,Cagliari,Home,Matchweek 35,,,,,,,,,,,,,,,,
2026-05-10,,Serie A,2025-2026,Bologna,Napoli,Away,Matchweek 36,,,,,,,,,,,,,,,,
2026-05-17,,Serie A,2025-2026,Bologna,Atalanta,Away,Matchweek 37,,,,,,,,,,,,,,,,
2026-05-24,,Serie A,2025-2026,Bologna,Inter,Home,Matchweek 38,,,,,,,,,,,,,,,,
2025-08-18,21:15 (19:15),Coppa Italia,2025-2026,Torino,Modena,Home,First round,,1.0,0.0,7.0,3.0,,,0.0,,0.0,1.0,11.0,4.0,,,0.0
2025-08-25,20:45 (18:45),Serie A,2025-2026,Torino,Inter,Away,Matchweek 1,0.9,0.0,5.0,12.0,4.0,17.1,0.0,0.0,1.6,5.0,0.0,20.0,9.0,15.4,1.0,0.0
2025-08-31,18:30 (16:30),Serie A,2025-2026,Torino,Fiorentina,Home,Matchweek 2,1.0,0.0,0.0,7.0,4.0,13.9,0.0,0.0,1.7,0.0,0.0,16.0,3.0,20.8,0.0,0.0
2025-09-14,12:30 (10:30),Serie A,2025-2026,Torino,Roma,Away,Matchweek 3,0.6,1.0,0.0,8.0,4.0,19.5,0.0,0.0,1.1,0.0,1.0,22.0,5.0,16.9,2.0,0.0
2025-09-21,15:00 (13:00),Serie A,2025-2026,Torino,Atalanta,Home,Matchweek 4,1.2,0.0,3.0,10.0,4.0,23.0,0.0,0.0,1.6,3.0,0.0,9.0,5.0,14.2,0.0,0.0
2025-09-25,21:00 (19:00),Coppa Italia,2025-2026,Torino,Pisa,Home,Second round,,,,,,,,,,,,,,,,
2025-09-29,18:30 (16:30),Serie A,2025-2026,Torino,Parma,Away,Matchweek 5,,,,,,,,,,,,,,,,
2025-10-04,15:00 (13:00),Serie A,2025-2026,Torino,Lazio,Away,Matchweek 6,,,,,,,,,,,,,,,,
2025-10-18,18:00 (16:00),Serie A,2025-2026,Torino,Napoli,Home,Matchweek 7,,,,,,,,,,,,,,,,
2025-10-26,12:30 (11:30),Serie A,2025-2026,Torino,Genoa,Home,Matchweek 8,,,,,,,,,,,,,,,,
2025-10-29,20:45 (19:45),Serie A,2025-2026,Torino,Bologna,Away,Matchweek 9,,,,,,,,,,,,,,,,
2025-11-02,15:00 (14:00),Serie A,2025-2026,Torino,Pisa,Home,Matchweek 10,,,,,,,,,,,,,,,,
2025-11-08,18:00 (17:00),Serie A,2025-2026,Torino,Juventus,Away,Matchweek 11,,,,,,,,,,,,,,,,
2025-11-24,18:30 (17:30),Serie A,2025-2026,Torino,Como,Home,Matchweek 12,,,,,,,,,,,,,,,,
2025-11-30,,Serie A,2025-2026,Torino,Lecce,Away,Matchweek 13,,,,,,,,,,,,,,,,
2025-12-07,,Serie A,2025-2026,Torino,Milan,Home,Matchweek 14,,,,,,,,,,,,,,,,
2025-12-14,,Serie A,2025-2026,Torino,Cremonese,Home,Matchweek 15,,,,,,,,,,,,,,,,
2025-12-21,,Serie A,2025-2026,Torino,Sassuolo,Away,Matchweek 16,,,,,,,,,,,,,,,,
2025-12-28,,Serie A,2025-2026,Torino,Cagliari,Home,Matchweek 17,,,,,,,,,,,,,,,,
2026-01-03,,Serie A,2025-2026,Torino,Hellas Verona,Away,Matchweek 18,,,,,,,,,,,,,,,,
2026-01-06,,Serie A,2025-2026,Torino,Udinese,Home,Matchweek 19,,,,,,,,,,,,,,,,
2026-01-11,,Serie A,2025-2026,Torino,Atalanta,Away,Matchweek 20,,,,,,,,,,,,,,,,
2026-01-18,,Serie A,2025-2026,Torino,Roma,Home,Matchweek 21,,,,,,,,,,,,,,,,
2026-01-25,,Serie A,2025-2026,Torino,Como,Away,Matchweek 22,,,,,,,,,,,,,,,,
2026-02-01,,Serie A,2025-2026,Torino,Lecce,Home,Matchweek 23,,,,,,,,,,,,,,,,
2026-02-08,,Serie A,2025-2026,Torino,Fiorentina,Away,Matchweek 24,,,,,,,,,,,,,,,,
2026-02-15,,Serie A,2025-2026,Torino,Bologna,Home,Matchweek 25,,,,,,,,,,,,,,,,
2026-02-22,,Serie A,2025-2026,Torino,Genoa,Away,Matchweek 26,,,,,,,,,,,,,,,,
2026-03-01,,Serie A,2025-2026,Torino,Lazio,Home,Matchweek 27,,,,,,,,,,,,,,,,
2026-03-08,,Serie A,2025-2026,Torino,Napoli,Away,Matchweek 28,,,,,,,,,,,,,,,,
2026-03-15,,Serie A,2025-2026,Torino,Parma,Home,Matchweek 29,,,,,,,,,,,,,,,,
2026-03-22,,Serie A,2025-2026,Torino,Milan,Away,Matchweek 30,,,,,,,,,,,,,,,,
2026-04-04,,Serie A,2025-2026,Torino,Pisa,Away,Matchweek 31,,,,,,,,,,,,,,,,
2026-04-12,,Serie A,2025-2026,Torino,Hellas Verona,Home,Matchweek 32,,,,,,,,,,,,,,,,
2026-04-19,,Serie A,2025-2026,Torino,Cremonese,Away,Matchweek 33,,,,,,,,,,,,,,,,
2026-04-26,,Serie A,2025-2026,Torino,Inter,Home,Matchweek 34,,,,,,,,,,,,,,,,
2026-05-03,,Serie A,2025-2026,Torino,Udinese,Away,Matchweek 35,,,,,,,,,,,,,,,,
2026-05-10,,Serie A,2025-2026,Torino,Sassuolo,Home,Matchweek 36,,,,,,,,,,,,,,,,
2026-05-17,,Serie A,2025-2026,Torino,Cagliari,Away,Matchweek 37,,,,,,,,,,,,,,,,
2026-05-24,,Serie A,2025-2026,Torino,Juventus,Home,Matchweek 38,,,,,,,,,,,,,,,,
2025-08-24,18:30 (16:30),Serie A,2025-2026,Lazio,Como,Away,Matchweek 1,0.3,0.0,2.0,5.0,1.0,23.0,0.0,0.0,1.3,2.0,0.0,19.0,6.0,18.3,1.0,0.0
2025-08-31,20:45 (18:45),Serie A,2025-2026,Lazio,Hellas Verona,Home,Matchweek 2,4.1,4.0,0.0,22.0,6.0,17.1,1.0,0.0,0.9,0.0,4.0,12.0,4.0,18.3,0.0,0.0
2025-09-14,18:00 (16:00),Serie A,2025-2026,Lazio,Sassuolo,Away,Matchweek 3,0.8,0.0,1.0,13.0,3.0,15.2,0.0,0.0,1.1,1.0,0.0,10.0,3.0,15.2,0.0,0.0
2025-09-21,12:30 (10:30),Serie A,2025-2026,Lazio,Roma,Home,Matchweek 4,1.0,0.0,1.0,10.0,2.0,19.9,0.0,0.0,1.1,1.0,0.0,13.0,6.0,13.1,1.0,0.0
2025-09-29,20:45 (18:45),Serie A,2025-2026,Lazio,Genoa,Away,Matchweek 5,,,,,,,,,,,,,,,,
2025-10-04,15:00 (13:00),Serie A,2025-2026,Lazio,Torino,Home,Matchweek 6,,,,,,,,,,,,,,,,
2025-10-19,18:00 (16:00),Serie A,2025-2026,Lazio,Atalanta,Away,Matchweek 7,,,,,,,,,,,,,,,,
2025-10-26,20:45 (19:45),Serie A,2025-2026,Lazio,Juventus,Home,Matchweek 8,,,,,,,,,,,,,,,,
2025-10-30,20:45 (19:45),Serie A,2025-2026,Lazio,Pisa,Away,Matchweek 9,,,,,,,,,,,,,,,,
2025-11-03,20:45 (19:45),Serie A,2025-2026,Lazio,Cagliari,Home,Matchweek 10,,,,,,,,,,,,,,,,
2025-11-09,20:45 (19:45),Serie A,2025-2026,Lazio,Inter,Away,Matchweek 11,,,,,,,,,,,,,,,,
2025-11-23,18:00 (17:00),Serie A,2025-2026,Lazio,Lecce,Home,Matchweek 12,,,,,,,,,,,,,,,,
2025-11-30,,Serie A,2025-2026,Lazio,Milan,Away,Matchweek 13,,,,,,,,,,,,,,,,
2025-12-07,,Serie A,2025-2026,Lazio,Bologna,Home,Matchweek 14,,,,,,,,,,,,,,,,
2025-12-14,,Serie A,2025-2026,Lazio,Parma,Away,Matchweek 15,,,,,,,,,,,,,,,,
2025-12-21,,Serie A,2025-2026,Lazio,Cremonese,Home,Matchweek 16,,,,,,,,,,,,,,,,
2025-12-28,,Serie A,2025-2026,Lazio,Udinese,Away,Matchweek 17,,,,,,,,,,,,,,,,
2026-01-03,,Serie A,2025-2026,Lazio,Napoli,Home,Matchweek 18,,,,,,,,,,,,,,,,
2026-01-06,,Serie A,2025-2026,Lazio,Fiorentina,Home,Matchweek 19,,,,,,,,,,,,,,,,
2026-01-11,,Serie A,2025-2026,Lazio,Hellas Verona,Away,Matchweek 20,,,,,,,,,,,,,,,,
2026-01-18,,Serie A,2025-2026,Lazio,Como,Home,Matchweek 21,,,,,,,,,,,,,,,,
2026-01-25,,Serie A,2025-2026,Lazio,Lecce,Away,Matchweek 22,,,,,,,,,,,,,,,,
2026-02-01,,Serie A,2025-2026,Lazio,Genoa,Home,Matchweek 23,,,,,,,,,,,,,,,,
2026-02-08,,Serie A,2025-2026,Lazio,Juventus,Away,Matchweek 24,,,,,,,,,,,,,,,,
2026-02-15,,Serie A,2025-2026,Lazio,Atalanta,Home,Matchweek 25,,,,,,,,,,,,,,,,
2026-02-22,,Serie A,2025-2026,Lazio,Cagliari,Away,Matchweek 26,,,,,,,,,,,,,,,,
2026-03-01,,Serie A,2025-2026,Lazio,Torino,Away,Matchweek 27,,,,,,,,,,,,,,,,
2026-03-08,,Serie A,2025-2026,Lazio,Sassuolo,Home,Matchweek 28,,,,,,,,,,,,,,,,
2026-03-15,,Serie A,2025-2026,Lazio,Milan,Home,Matchweek 29,,,,,,,,,,,,,,,,
2026-03-22,,Serie A,2025-2026,Lazio,Bologna,Away,Matchweek 30,,,,,,,,,,,,,,,,
2026-04-04,,Serie A,2025-2026,Lazio,Parma,Home,Matchweek 31,,,,,,,,,,,,,,,,
2026-04-12,,Serie A,2025-2026,Lazio,Fiorentina,Away,Matchweek 32,,,,,,,,,,,,,,,,
2026-04-19,,Serie A,2025-2026,Lazio,Napoli,Away,Matchweek 33,,,,,,,,,,,,,,,,
2026-04-26,,Serie A,2025-2026,Lazio,Udinese,Home,Matchweek 34,,,,,,,,,,,,,,,,
2026-05-03,,Serie A,2025-2026,Lazio,Cremonese,Away,Matchweek 35,,,,,,,,,,,,,,,,
2026-05-10,,Serie A,2025-2026,Lazio,Inter,Home,Matchweek 36,,,,,,,,,,,,,,,,
2026-05-17,,Serie A,2025-2026,Lazio,Roma,Away,Matchweek 37,,,,,,,,,,,,,,,,
2026-05-24,,Serie A,2025-2026,Lazio,Pisa,Home,Matchweek 38,,,,,,,,,,,,,,,,
2025-08-15,18:30 (16:30),Coppa Italia,2025-2026,Sassuolo,Catanzaro,Home,First round,,1.0,0.0,21.0,6.0,,,0.0,,0.0,1.0,5.0,1.0,,,0.0
2025-08-23,18:30 (16:30),Serie A,2025-2026,Sassuolo,Napoli,Home,Matchweek 1,0.4,0.0,2.0,7.0,2.0,22.1,0.0,0.0,1.2,2.0,0.0,13.0,4.0,20.2,2.0,0.0
2025-08-29,18:30 (16:30),Serie A,2025-2026,Sassuolo,Cremonese,Away,Matchweek 2,1.3,2.0,3.0,8.0,5.0,19.8,1.0,1.0,2.7,3.0,2.0,10.0,5.0,16.3,1.0,1.0
2025-09-14,18:00 (16:00),Serie A,2025-2026,Sassuolo,Lazio,Home,Matchweek 3,1.1,1.0,0.0,10.0,3.0,15.2,0.0,0.0,0.8,0.0,1.0,13.0,3.0,15.2,0.0,0.0
2025-09-21,20:45 (18:45),Serie A,2025-2026,Sassuolo,Inter,Away,Matchweek 4,0.9,1.0,2.0,9.0,5.0,20.8,0.0,0.0,1.9,2.0,1.0,20.0,6.0,14.2,0.0,0.0
2025-09-24,21:00 (19:00),Coppa Italia,2025-2026,Sassuolo,Como,Away,Second round,,,,,,,,,,,,,,,,
2025-09-28,12:30 (10:30),Serie A,2025-2026,Sassuolo,Udinese,Home,Matchweek 5,,,,,,,,,,,,,,,,
2025-10-03,20:45 (18:45),Serie A,2025-2026,Sassuolo,Hellas Verona,Away,Matchweek 6,,,,,,,,,,,,,,,,
2025-10-18,15:00 (13:00),Serie A,2025-2026,Sassuolo,Lecce,Away,Matchweek 7,,,,,,,,,,,,,,,,
2025-10-26,15:00 (14:00),Serie A,2025-2026,Sassuolo,Roma,Home,Matchweek 8,,,,,,,,,,,,,,,,
2025-10-30,18:30 (17:30),Serie A,2025-2026,Sassuolo,Cagliari,Away,Matchweek 9,,,,,,,,,,,,,,,,
2025-11-03,18:30 (17:30),Serie A,2025-2026,Sassuolo,Genoa,Home,Matchweek 10,,,,,,,,,,,,,,,,
2025-11-09,12:30 (11:30),Serie A,2025-2026,Sassuolo,Atalanta,Away,Matchweek 11,,,,,,,,,,,,,,,,
2025-11-24,20:45 (19:45),Serie A,2025-2026,Sassuolo,Pisa,Home,Matchweek 12,,,,,,,,,,,,,,,,
2025-11-30,,Serie A,2025-2026,Sassuolo,Como,Away,Matchweek 13,,,,,,,,,,,,,,,,
2025-12-07,,Serie A,2025-2026,Sassuolo,Fiorentina,Home,Matchweek 14,,,,,,,,,,,,,,,,
2025-12-14,,Serie A,2025-2026,Sassuolo,Milan,Away,Matchweek 15,,,,,,,,,,,,,,,,
2025-12-21,,Serie A,2025-2026,Sassuolo,Torino,Home,Matchweek 16,,,,,,,,,,,,,,,,
2025-12-28,,Serie A,2025-2026,Sassuolo,Bologna,Away,Matchweek 17,,,,,,,,,,,,,,,,
2026-01-03,,Serie A,2025-2026,Sassuolo,Parma,Home,Matchweek 18,,,,,,,,,,,,,,,,
2026-01-06,,Serie A,2025-2026,Sassuolo,Juventus,Home,Matchweek 19,,,,,,,,,,,,,,,,
2026-01-11,,Serie A,2025-2026,Sassuolo,Roma,Away,Matchweek 20,,,,,,,,,,,,,,,,
2026-01-18,,Serie A,2025-2026,Sassuolo,Napoli,Away,Matchweek 21,,,,,,,,,,,,,,,,
2026-01-25,,Serie A,2025-2026,Sassuolo,Cremonese,Home,Matchweek 22,,,,,,,,,,,,,,,,
2026-02-01,,Serie A,2025-2026,Sassuolo,Pisa,Away,Matchweek 23,,,,,,,,,,,,,,,,
2026-02-08,,Serie A,2025-2026,Sassuolo,Inter,Home,Matchweek 24,,,,,,,,,,,,,,,,
2026-02-15,,Serie A,2025-2026,Sassuolo,Udinese,Away,Matchweek 25,,,,,,,,,,,,,,,,
2026-02-22,,Serie A,2025-2026,Sassuolo,Hellas Verona,Home,Matchweek 26,,,,,,,,,,,,,,,,
2026-03-01,,Serie A,2025-2026,Sassuolo,Atalanta,Home,Matchweek 27,,,,,,,,,,,,,,,,
2026-03-08,,Serie A,2025-2026,Sassuolo,Lazio,Away,Matchweek 28,,,,,,,,,,,,,,,,
2026-03-15,,Serie A,2025-2026,Sassuolo,Bologna,Home,Matchweek 29,,,,,,,,,,,,,,,,
2026-03-22,,Serie A,2025-2026,Sassuolo,Juventus,Away,Matchweek 30,,,,,,,,,,,,,,,,
2026-04-04,,Serie A,2025-2026,Sassuolo,Cagliari,Home,Matchweek 31,,,,,,,,,,,,,,,,
2026-04-12,,Serie A,2025-2026,Sassuolo,Genoa,Away,Matchweek 32,,,,,,,,,,,,,,,,
2026-04-19,,Serie A,2025-2026,Sassuolo,Como,Home,Matchweek 33,,,,,,,,,,,,,,,,
2026-04-26,,Serie A,2025-2026,Sassuolo,Fiorentina,Away,Matchweek 34,,,,,,,,,,,,,,,,
2026-05-03,,Serie A,2025-2026,Sassuolo,Milan,Home,Matchweek 35,,,,,,,,,,,,,,,,
2026-05-10,,Serie A,2025-2026,Sassuolo,Torino,Away,Matchweek 36,,,,,,,,,,,,,,,,
2026-05-17,,Serie A,2025-2026,Sassuolo,Lecce,Home,Matchweek 37,,,,,,,,,,,,,,,,
2026-05-24,,Serie A,2025-2026,Sassuolo,Parma,Away,Matchweek 38,,,,,,,,,,,,,,,,
2025-08-18,18:00 (16:00),Coppa Italia,2025-2026,Hellas Verona,Audace Cerignola,Away,First round,,1 (4),1 (2),14.0,5.0,,,0.0,,1 (2),1 (4),13.0,8.0,,,0.0
2025-08-25,18:30 (16:30),Serie A,2025-2026,Hellas Verona,Udinese,Away,Matchweek 1,0.5,1,1,9.0,3.0,22.5,1.0,0.0,0.7,1,1,14.0,4.0,19.4,0.0,0.0
2025-08-31,20:45 (18:45),Serie A,2025-2026,Hellas Verona,Lazio,Away,Matchweek 2,0.9,0,4,12.0,4.0,18.3,0.0,0.0,4.1,4,0,22.0,6.0,17.1,1.0,0.0
2025-09-15,18:30 (16:30),Serie A,2025-2026,Hellas Verona,Cremonese,Home,Matchweek 3,1.5,0,0,20.0,9.0,19.8,0.0,0.0,0.2,0,0,6.0,2.0,24.4,0.0,0.0
2025-09-20,18:00 (16:00),Serie A,2025-2026,Hellas Verona,Juventus,Home,Matchweek 4,1.5,1,1,13.0,3.0,25.4,0.0,1.0,0.5,1,1,10.0,4.0,17.2,0.0,0.0
2025-09-24,18:30 (16:30),Coppa Italia,2025-2026,Hellas Verona,Venezia,Home,Second round,,,,,,,,,,,,,,,,
2025-09-28,15:00 (13:00),Serie A,2025-2026,Hellas Verona,Roma,Away,Matchweek 5,,,,,,,,,,,,,,,,
2025-10-03,20:45 (18:45),Serie A,2025-2026,Hellas Verona,Sassuolo,Home,Matchweek 6,,,,,,,,,,,,,,,,
2025-10-18,15:00 (13:00),Serie A,2025-2026,Hellas Verona,Pisa,Away,Matchweek 7,,,,,,,,,,,,,,,,
2025-10-26,15:00 (14:00),Serie A,2025-2026,Hellas Verona,Cagliari,Home,Matchweek 8,,,,,,,,,,,,,,,,
2025-10-29,18:30 (17:30),Serie A,2025-2026,Hellas Verona,Como,Away,Matchweek 9,,,,,,,,,,,,,,,,
2025-11-02,12:30 (11:30),Serie A,2025-2026,Hellas Verona,Inter,Home,Matchweek 10,,,,,,,,,,,,,,,,
2025-11-08,15:00 (14:00),Serie A,2025-2026,Hellas Verona,Lecce,Away,Matchweek 11,,,,,,,,,,,,,,,,
2025-11-23,12:30 (11:30),Serie A,2025-2026,Hellas Verona,Parma,Home,Matchweek 12,,,,,,,,,,,,,,,,
2025-11-30,,Serie A,2025-2026,Hellas Verona,Genoa,Away,Matchweek 13,,,,,,,,,,,,,,,,
2025-12-07,,Serie A,2025-2026,Hellas Verona,Atalanta,Home,Matchweek 14,,,,,,,,,,,,,,,,
2025-12-14,,Serie A,2025-2026,Hellas Verona,Fiorentina,Away,Matchweek 15,,,,,,,,,,,,,,,,
2025-12-21,,Serie A,2025-2026,Hellas Verona,Bologna,Home,Matchweek 16,,,,,,,,,,,,,,,,
2025-12-28,,Serie A,2025-2026,Hellas Verona,Milan,Away,Matchweek 17,,,,,,,,,,,,,,,,
2026-01-03,,Serie A,2025-2026,Hellas Verona,Torino,Home,Matchweek 18,,,,,,,,,,,,,,,,
2026-01-06,,Serie A,2025-2026,Hellas Verona,Napoli,Away,Matchweek 19,,,,,,,,,,,,,,,,
2026-01-11,,Serie A,2025-2026,Hellas Verona,Lazio,Home,Matchweek 20,,,,,,,,,,,,,,,,
2026-01-18,,Serie A,2025-2026,Hellas Verona,Cremonese,Away,Matchweek 21,,,,,,,,,,,,,,,,
2026-01-25,,Serie A,2025-2026,Hellas Verona,Udinese,Home,Matchweek 22,,,,,,,,,,,,,,,,
2026-02-01,,Serie A,2025-2026,Hellas Verona,Cagliari,Away,Matchweek 23,,,,,,,,,,,,,,,,
2026-02-08,,Serie A,2025-2026,Hellas Verona,Pisa,Home,Matchweek 24,,,,,,,,,,,,,,,,
2026-02-15,,Serie A,2025-2026,Hellas Verona,Parma,Away,Matchweek 25,,,,,,,,,,,,,,,,
2026-02-22,,Serie A,2025-2026,Hellas Verona,Sassuolo,Away,Matchweek 26,,,,,,,,,,,,,,,,
2026-03-01,,Serie A,2025-2026,Hellas Verona,Napoli,Home,Matchweek 27,,,,,,,,,,,,,,,,
2026-03-08,,Serie A,2025-2026,Hellas Verona,Bologna,Away,Matchweek 28,,,,,,,,,,,,,,,,
2026-03-15,,Serie A,2025-2026,Hellas Verona,Genoa,Home,Matchweek 29,,,,,,,,,,,,,,,,
2026-03-22,,Serie A,2025-2026,Hellas Verona,Atalanta,Away,Matchweek 30,,,,,,,,,,,,,,,,
2026-04-04,,Serie A,2025-2026,Hellas Verona,Fiorentina,Home,Matchweek 31,,,,,,,,,,,,,,,,
2026-04-12,,Serie A,2025-2026,Hellas Verona,Torino,Away,Matchweek 32,,,,,,,,,,,,,,,,
2026-04-19,,Serie A,2025-2026,Hellas Verona,Milan,Home,Matchweek 33,,,,,,,,,,,,,,,,
2026-04-26,,Serie A,2025-2026,Hellas Verona,Lecce,Home,Matchweek 34,,,,,,,,,,,,,,,,
2026-05-03,,Serie A,2025-2026,Hellas Verona,Juventus,Away,Matchweek 35,,,,,,,,,,,,,,,,
2026-05-10,,Serie A,2025-2026,Hellas Verona,Como,Home,Matchweek 36,,,,,,,,,,,,,,,,
2026-05-17,,Serie A,2025-2026,Hellas Verona,Inter,Away,Matchweek 37,,,,,,,,,,,,,,,,
2026-05-24,,Serie A,2025-2026,Hellas Verona,Roma,Home,Matchweek 38,,,,,,,,,,,,,,,,
2025-08-15,21:15 (19:15),Coppa Italia,2025-2026,Genoa,Vicenza Virtus,Home,First round,,3.0,0.0,14.0,6.0,,,0.0,,0.0,3.0,5.0,2.0,,,0.0
2025-08-23,18:30 (16:30),Serie A,2025-2026,Genoa,Lecce,Home,Matchweek 1,0.5,0.0,0.0,5.0,2.0,20.8,1.0,0.0,0.4,0.0,0.0,7.0,0.0,15.2,0.0,0.0
2025-08-31,18:30 (16:30),Serie A,2025-2026,Genoa,Juventus,Home,Matchweek 2,0.5,0.0,1.0,10.0,1.0,16.9,0.0,0.0,0.9,1.0,0.0,13.0,3.0,16.9,0.0,0.0
2025-09-15,20:45 (18:45),Serie A,2025-2026,Genoa,Como,Away,Matchweek 3,2.2,1.0,1.0,12.0,4.0,12.0,0.0,0.0,1.8,1.0,1.0,13.0,4.0,17.3,0.0,0.0
2025-09-20,15:00 (13:00),Serie A,2025-2026,Genoa,Bologna,Away,Matchweek 4,0.5,1.0,2.0,7.0,4.0,16.6,0.0,0.0,1.6,2.0,1.0,13.0,5.0,16.5,0.0,1.0
2025-09-25,18:30 (16:30),Coppa Italia,2025-2026,Genoa,Empoli,Home,Second round,,,,,,,,,,,,,,,,
2025-09-29,20:45 (18:45),Serie A,2025-2026,Genoa,Lazio,Home,Matchweek 5,,,,,,,,,,,,,,,,
2025-10-05,18:00 (16:00),Serie A,2025-2026,Genoa,Napoli,Away,Matchweek 6,,,,,,,,,,,,,,,,
2025-10-19,15:00 (13:00),Serie A,2025-2026,Genoa,Parma,Home,Matchweek 7,,,,,,,,,,,,,,,,
2025-10-26,12:30 (11:30),Serie A,2025-2026,Genoa,Torino,Away,Matchweek 8,,,,,,,,,,,,,,,,
2025-10-29,20:45 (19:45),Serie A,2025-2026,Genoa,Cremonese,Home,Matchweek 9,,,,,,,,,,,,,,,,
2025-11-03,18:30 (17:30),Serie A,2025-2026,Genoa,Sassuolo,Away,Matchweek 10,,,,,,,,,,,,,,,,
2025-11-09,15:00 (14:00),Serie A,2025-2026,Genoa,Fiorentina,Home,Matchweek 11,,,,,,,,,,,,,,,,
2025-11-22,15:00 (14:00),Serie A,2025-2026,Genoa,Cagliari,Away,Matchweek 12,,,,,,,,,,,,,,,,
2025-11-30,,Serie A,2025-2026,Genoa,Hellas Verona,Home,Matchweek 13,,,,,,,,,,,,,,,,
2025-12-07,,Serie A,2025-2026,Genoa,Udinese,Away,Matchweek 14,,,,,,,,,,,,,,,,
2025-12-14,,Serie A,2025-2026,Genoa,Inter,Home,Matchweek 15,,,,,,,,,,,,,,,,
2025-12-21,,Serie A,2025-2026,Genoa,Atalanta,Home,Matchweek 16,,,,,,,,,,,,,,,,
2025-12-28,,Serie A,2025-2026,Genoa,Roma,Away,Matchweek 17,,,,,,,,,,,,,,,,
2026-01-03,,Serie A,2025-2026,Genoa,Pisa,Home,Matchweek 18,,,,,,,,,,,,,,,,
2026-01-06,,Serie A,2025-2026,Genoa,Milan,Away,Matchweek 19,,,,,,,,,,,,,,,,
2026-01-11,,Serie A,2025-2026,Genoa,Cagliari,Home,Matchweek 20,,,,,,,,,,,,,,,,
2026-01-18,,Serie A,2025-2026,Genoa,Parma,Away,Matchweek 21,,,,,,,,,,,,,,,,
2026-01-25,,Serie A,2025-2026,Genoa,Bologna,Home,Matchweek 22,,,,,,,,,,,,,,,,
2026-02-01,,Serie A,2025-2026,Genoa,Lazio,Away,Matchweek 23,,,,,,,,,,,,,,,,
2026-02-08,,Serie A,2025-2026,Genoa,Napoli,Home,Matchweek 24,,,,,,,,,,,,,,,,
2026-02-15,,Serie A,2025-2026,Genoa,Cremonese,Away,Matchweek 25,,,,,,,,,,,,,,,,
2026-02-22,,Serie A,2025-2026,Genoa,Torino,Home,Matchweek 26,,,,,,,,,,,,,,,,
2026-03-01,,Serie A,2025-2026,Genoa,Inter,Away,Matchweek 27,,,,,,,,,,,,,,,,
2026-03-08,,Serie A,2025-2026,Genoa,Roma,Home,Matchweek 28,,,,,,,,,,,,,,,,
2026-03-15,,Serie A,2025-2026,Genoa,Hellas Verona,Away,Matchweek 29,,,,,,,,,,,,,,,,
2026-03-22,,Serie A,2025-2026,Genoa,Udinese,Home,Matchweek 30,,,,,,,,,,,,,,,,
2026-04-04,,Serie A,2025-2026,Genoa,Juventus,Away,Matchweek 31,,,,,,,,,,,,,,,,
2026-04-12,,Serie A,2025-2026,Genoa,Sassuolo,Home,Matchweek 32,,,,,,,,,,,,,,,,
2026-04-19,,Serie A,2025-2026,Genoa,Pisa,Away,Matchweek 33,,,,,,,,,,,,,,,,
2026-04-26,,Serie A,2025-2026,Genoa,Como,Home,Matchweek 34,,,,,,,,,,,,,,,,
2026-05-03,,Serie A,2025-2026,Genoa,Atalanta,Away,Matchweek 35,,,,,,,,,,,,,,,,
2026-05-10,,Serie A,2025-2026,Genoa,Fiorentina,Away,Matchweek 36,,,,,,,,,,,,,,,,
2026-05-17,,Serie A,2025-2026,Genoa,Milan,Home,Matchweek 37,,,,,,,,,,,,,,,,
2026-05-24,,Serie A,2025-2026,Genoa,Lecce,Away,Matchweek 38,,,,,,,,,,,,,,,,
2025-08-21,20:00 (18:00),Conf Lg,2025-2026,Fiorentina,ua FC Polissya Zhytomyr,Away,Play-off round,,3.0,0.0,,,,,0.0,,0.0,3.0,,,,,0.0
2025-08-24,18:30 (16:30),Serie A,2025-2026,Fiorentina,Cagliari,Away,Matchweek 1,1.0,1.0,1.0,4.0,1.0,16.3,0.0,0.0,1.1,1.0,1.0,14.0,5.0,16.9,1.0,0.0
2025-08-28,20:00 (18:00),Conf Lg,2025-2026,Fiorentina,ua FC Polissya Zhytomyr,Home,Play-off round,,3.0,2.0,,,,,0.0,,2.0,3.0,,,,,0.0
2025-08-31,18:30 (16:30),Serie A,2025-2026,Fiorentina,Torino,Away,Matchweek 2,1.7,0.0,0.0,16.0,3.0,20.8,0.0,0.0,1.0,0.0,0.0,7.0,4.0,13.9,0.0,0.0
2025-09-13,20:45 (18:45),Serie A,2025-2026,Fiorentina,Napoli,Home,Matchweek 3,1.4,1.0,3.0,19.0,3.0,16.0,1.0,0.0,2.7,3.0,1.0,13.0,7.0,14.3,0.0,1.0
2025-09-21,18:00 (16:00),Serie A,2025-2026,Fiorentina,Como,Home,Matchweek 4,0.5,1.0,2.0,8.0,1.0,19.9,1.0,0.0,1.2,2.0,1.0,19.0,7.0,18.8,1.0,0.0
2025-09-28,15:00 (13:00),Serie A,2025-2026,Fiorentina,Pisa,Away,Matchweek 5,,,,,,,,,,,,,,,,
2025-10-02,21:00 (19:00),Conf Lg,2025-2026,Fiorentina,cz Sigma Olomouc,Home,League phase,,,,,,,,,,,,,,,,
2025-10-05,15:00 (13:00),Serie A,2025-2026,Fiorentina,Roma,Home,Matchweek 6,,,,,,,,,,,,,,,,
2025-10-19,20:45 (18:45),Serie A,2025-2026,Fiorentina,Milan,Away,Matchweek 7,,,,,,,,,,,,,,,,
2025-10-23,18:45 (16:45),Conf Lg,2025-2026,Fiorentina,at Rapid Wien,Away,League phase,,,,,,,,,,,,,,,,
2025-10-26,18:00 (17:00),Serie A,2025-2026,Fiorentina,Bologna,Home,Matchweek 8,,,,,,,,,,,,,,,,
2025-10-29,20:45 (19:45),Serie A,2025-2026,Fiorentina,Inter,Away,Matchweek 9,,,,,,,,,,,,,,,,
2025-11-02,15:00 (14:00),Serie A,2025-2026,Fiorentina,Lecce,Home,Matchweek 10,,,,,,,,,,,,,,,,
2025-11-06,18:45 (17:45),Conf Lg,2025-2026,Fiorentina,de Mainz 05,Away,League phase,,,,,,,,,,,,,,,,
2025-11-09,15:00 (14:00),Serie A,2025-2026,Fiorentina,Genoa,Away,Matchweek 11,,,,,,,,,,,,,,,,
2025-11-22,18:00 (17:00),Serie A,2025-2026,Fiorentina,Juventus,Home,Matchweek 12,,,,,,,,,,,,,,,,
2025-11-27,21:00 (20:00),Conf Lg,2025-2026,Fiorentina,gr AEK Athens,Home,League phase,,,,,,,,,,,,,,,,
2025-11-30,,Serie A,2025-2026,Fiorentina,Atalanta,Away,Matchweek 13,,,,,,,,,,,,,,,,
2025-12-07,,Serie A,2025-2026,Fiorentina,Sassuolo,Away,Matchweek 14,,,,,,,,,,,,,,,,
2025-12-11,18:45 (17:45),Conf Lg,2025-2026,Fiorentina,ua Dynamo Kyiv,Home,League phase,,,,,,,,,,,,,,,,
2025-12-14,,Serie A,2025-2026,Fiorentina,Hellas Verona,Home,Matchweek 15,,,,,,,,,,,,,,,,
2025-12-18,21:00 (20:00),Conf Lg,2025-2026,Fiorentina,ch Lausanne-Sport,Away,League phase,,,,,,,,,,,,,,,,
2025-12-21,,Serie A,2025-2026,Fiorentina,Udinese,Home,Matchweek 16,,,,,,,,,,,,,,,,
2025-12-28,,Serie A,2025-2026,Fiorentina,Parma,Away,Matchweek 17,,,,,,,,,,,,,,,,
2026-01-03,,Serie A,2025-2026,Fiorentina,Cremonese,Home,Matchweek 18,,,,,,,,,,,,,,,,
2026-01-06,,Serie A,2025-2026,Fiorentina,Lazio,Away,Matchweek 19,,,,,,,,,,,,,,,,
2026-01-11,,Serie A,2025-2026,Fiorentina,Milan,Home,Matchweek 20,,,,,,,,,,,,,,,,
2026-01-18,,Serie A,2025-2026,Fiorentina,Bologna,Away,Matchweek 21,,,,,,,,,,,,,,,,
2026-01-25,,Serie A,2025-2026,Fiorentina,Cagliari,Home,Matchweek 22,,,,,,,,,,,,,,,,
2026-02-01,,Serie A,2025-2026,Fiorentina,Napoli,Away,Matchweek 23,,,,,,,,,,,,,,,,
2026-02-08,,Serie A,2025-2026,Fiorentina,Torino,Home,Matchweek 24,,,,,,,,,,,,,,,,
2026-02-15,,Serie A,2025-2026,Fiorentina,Como,Away,Matchweek 25,,,,,,,,,,,,,,,,
2026-02-22,,Serie A,2025-2026,Fiorentina,Pisa,Home,Matchweek 26,,,,,,,,,,,,,,,,
2026-03-01,,Serie A,2025-2026,Fiorentina,Udinese,Away,Matchweek 27,,,,,,,,,,,,,,,,
Date,Time,Comp,2025-2026,Fiorentina,Opponent,Venue,Round,,,,,,,,,,,,,,,,
2026-03-08,,Serie A,2025-2026,Fiorentina,Parma,Home,Matchweek 28,,,,,,,,,,,,,,,,
2026-03-15,,Serie A,2025-2026,Fiorentina,Cremonese,Away,Matchweek 29,,,,,,,,,,,,,,,,
2026-03-22,,Serie A,2025-2026,Fiorentina,Inter,Home,Matchweek 30,,,,,,,,,,,,,,,,
2026-04-04,,Serie A,2025-2026,Fiorentina,Hellas Verona,Away,Matchweek 31,,,,,,,,,,,,,,,,
2026-04-12,,Serie A,2025-2026,Fiorentina,Lazio,Home,Matchweek 32,,,,,,,,,,,,,,,,
2026-04-19,,Serie A,2025-2026,Fiorentina,Lecce,Away,Matchweek 33,,,,,,,,,,,,,,,,
2026-04-26,,Serie A,2025-2026,Fiorentina,Sassuolo,Home,Matchweek 34,,,,,,,,,,,,,,,,
2026-05-03,,Serie A,2025-2026,Fiorentina,Roma,Away,Matchweek 35,,,,,,,,,,,,,,,,
2026-05-10,,Serie A,2025-2026,Fiorentina,Genoa,Home,Matchweek 36,,,,,,,,,,,,,,,,
2026-05-17,,Serie A,2025-2026,Fiorentina,Juventus,Away,Matchweek 37,,,,,,,,,,,,,,,,
2026-05-24,,Serie A,2025-2026,Fiorentina,Atalanta,Home,Matchweek 38,,,,,,,,,,,,,,,,
2025-08-17,18:30 (16:30),Coppa Italia,2025-2026,Parma,Pescara,Home,First round,,2.0,0.0,19.0,7.0,,,0.0,,0.0,2.0,6.0,0.0,,,0.0
2025-08-24,20:45 (18:45),Serie A,2025-2026,Parma,Juventus,Away,Matchweek 1,0.6,0.0,2.0,8.0,1.0,19.2,0.0,0.0,2.3,2.0,0.0,25.0,8.0,17.1,0.0,0.0
2025-08-30,18:30 (16:30),Serie A,2025-2026,Parma,Atalanta,Home,Matchweek 2,0.7,1.0,1.0,7.0,3.0,20.1,0.0,0.0,0.8,1.0,1.0,11.0,3.0,17.4,0.0,0.0
2025-09-13,15:00 (13:00),Serie A,2025-2026,Parma,Cagliari,Away,Matchweek 3,1.9,0.0,2.0,17.0,5.0,16.1,1.0,0.0,1.1,2.0,0.0,12.0,5.0,16.8,0.0,0.0
2025-09-21,15:00 (13:00),Serie A,2025-2026,Parma,Cremonese,Away,Matchweek 4,0.8,0.0,0.0,15.0,3.0,16.9,1.0,0.0,0.1,0.0,0.0,3.0,1.0,18.8,0.0,0.0
2025-09-24,17:00 (15:00),Coppa Italia,2025-2026,Parma,Spezia,Home,Second round,,,,,,,,,,,,,,,,
2025-09-29,18:30 (16:30),Serie A,2025-2026,Parma,Torino,Home,Matchweek 5,,,,,,,,,,,,,,,,
2025-10-04,15:00 (13:00),Serie A,2025-2026,Parma,Lecce,Home,Matchweek 6,,,,,,,,,,,,,,,,
2025-10-19,15:00 (13:00),Serie A,2025-2026,Parma,Genoa,Away,Matchweek 7,,,,,,,,,,,,,,,,
2025-10-25,15:00 (13:00),Serie A,2025-2026,Parma,Como,Home,Matchweek 8,,,,,,,,,,,,,,,,
2025-10-29,18:30 (17:30),Serie A,2025-2026,Parma,Roma,Away,Matchweek 9,,,,,,,,,,,,,,,,
2025-11-02,18:00 (17:00),Serie A,2025-2026,Parma,Bologna,Home,Matchweek 10,,,,,,,,,,,,,,,,
2025-11-08,20:45 (19:45),Serie A,2025-2026,Parma,Milan,Home,Matchweek 11,,,,,,,,,,,,,,,,
2025-11-23,12:30 (11:30),Serie A,2025-2026,Parma,Hellas Verona,Away,Matchweek 12,,,,,,,,,,,,,,,,
2025-11-30,,Serie A,2025-2026,Parma,Udinese,Home,Matchweek 13,,,,,,,,,,,,,,,,
2025-12-07,,Serie A,2025-2026,Parma,Pisa,Away,Matchweek 14,,,,,,,,,,,,,,,,
2025-12-14,,Serie A,2025-2026,Parma,Lazio,Home,Matchweek 15,,,,,,,,,,,,,,,,
2025-12-21,,Serie A,2025-2026,Parma,Napoli,Away,Matchweek 16,,,,,,,,,,,,,,,,
2025-12-28,,Serie A,2025-2026,Parma,Fiorentina,Home,Matchweek 17,,,,,,,,,,,,,,,,
2026-01-03,,Serie A,2025-2026,Parma,Sassuolo,Away,Matchweek 18,,,,,,,,,,,,,,,,
2026-01-06,,Serie A,2025-2026,Parma,Inter,Home,Matchweek 19,,,,,,,,,,,,,,,,
2026-01-11,,Serie A,2025-2026,Parma,Lecce,Away,Matchweek 20,,,,,,,,,,,,,,,,
2026-01-18,,Serie A,2025-2026,Parma,Genoa,Home,Matchweek 21,,,,,,,,,,,,,,,,
2026-01-25,,Serie A,2025-2026,Parma,Atalanta,Away,Matchweek 22,,,,,,,,,,,,,,,,
2026-02-01,,Serie A,2025-2026,Parma,Juventus,Home,Matchweek 23,,,,,,,,,,,,,,,,
2026-02-08,,Serie A,2025-2026,Parma,Bologna,Away,Matchweek 24,,,,,,,,,,,,,,,,
2026-02-15,,Serie A,2025-2026,Parma,Hellas Verona,Home,Matchweek 25,,,,,,,,,,,,,,,,
2026-02-22,,Serie A,2025-2026,Parma,Milan,Away,Matchweek 26,,,,,,,,,,,,,,,,
2026-03-01,,Serie A,2025-2026,Parma,Cagliari,Home,Matchweek 27,,,,,,,,,,,,,,,,
2026-03-08,,Serie A,2025-2026,Parma,Fiorentina,Away,Matchweek 28,,,,,,,,,,,,,,,,
2026-03-15,,Serie A,2025-2026,Parma,Torino,Away,Matchweek 29,,,,,,,,,,,,,,,,
2026-03-22,,Serie A,2025-2026,Parma,Cremonese,Home,Matchweek 30,,,,,,,,,,,,,,,,
2026-04-04,,Serie A,2025-2026,Parma,Lazio,Away,Matchweek 31,,,,,,,,,,,,,,,,
2026-04-12,,Serie A,2025-2026,Parma,Napoli,Home,Matchweek 32,,,,,,,,,,,,,,,,
2026-04-19,,Serie A,2025-2026,Parma,Udinese,Away,Matchweek 33,,,,,,,,,,,,,,,,
2026-04-26,,Serie A,2025-2026,Parma,Pisa,Home,Matchweek 34,,,,,,,,,,,,,,,,
2026-05-03,,Serie A,2025-2026,Parma,Inter,Away,Matchweek 35,,,,,,,,,,,,,,,,
2026-05-10,,Serie A,2025-2026,Parma,Roma,Home,Matchweek 36,,,,,,,,,,,,,,,,
2026-05-17,,Serie A,2025-2026,Parma,Como,Away,Matchweek 37,,,,,,,,,,,,,,,,
2026-05-24,,Serie A,2025-2026,Parma,Sassuolo,Home,Matchweek 38,,,,,,,,,,,,,,,,
2025-08-17,20:45 (18:45),Coppa Italia,2025-2026,Pisa,Cesena,Away,First round,,0 (2),0 (1),5.0,1.0,,,0.0,,0 (1),0 (2),16.0,2.0,,,0.0
2025-08-24,20:45 (18:45),Serie A,2025-2026,Pisa,Atalanta,Away,Matchweek 1,0.6,1,1,11.0,2.0,17.7,0.0,0.0,1.9,1,1,21.0,6.0,16.4,0.0,0.0
2025-08-30,20:45 (18:45),Serie A,2025-2026,Pisa,Roma,Home,Matchweek 2,0.6,0,1,7.0,3.0,21.7,0.0,0.0,0.8,1,0,10.0,5.0,19.3,1.0,0.0
2025-09-14,15:00 (13:00),Serie A,2025-2026,Pisa,Udinese,Home,Matchweek 3,0.5,0,1,12.0,2.0,18.4,0.0,0.0,1.0,1,0,13.0,3.0,18.0,0.0,0.0
2025-09-22,20:45 (18:45),Serie A,2025-2026,Pisa,Napoli,Away,Matchweek 4,,,,,,,,,,,,,,,,
2025-09-25,21:00 (19:00),Coppa Italia,2025-2026,Pisa,Torino,Away,Second round,,,,,,,,,,,,,,,,
2025-09-28,15:00 (13:00),Serie A,2025-2026,Pisa,Fiorentina,Home,Matchweek 5,,,,,,,,,,,,,,,,
2025-10-05,15:00 (13:00),Serie A,2025-2026,Pisa,Bologna,Away,Matchweek 6,,,,,,,,,,,,,,,,
2025-10-18,15:00 (13:00),Serie A,2025-2026,Pisa,Hellas Verona,Home,Matchweek 7,,,,,,,,,,,,,,,,
2025-10-24,20:45 (18:45),Serie A,2025-2026,Pisa,Milan,Away,Matchweek 8,,,,,,,,,,,,,,,,
2025-10-30,20:45 (19:45),Serie A,2025-2026,Pisa,Lazio,Home,Matchweek 9,,,,,,,,,,,,,,,,
2025-11-02,15:00 (14:00),Serie A,2025-2026,Pisa,Torino,Away,Matchweek 10,,,,,,,,,,,,,,,,
2025-11-07,20:45 (19:45),Serie A,2025-2026,Pisa,Cremonese,Home,Matchweek 11,,,,,,,,,,,,,,,,
2025-11-24,20:45 (19:45),Serie A,2025-2026,Pisa,Sassuolo,Away,Matchweek 12,,,,,,,,,,,,,,,,
2025-11-30,,Serie A,2025-2026,Pisa,Inter,Home,Matchweek 13,,,,,,,,,,,,,,,,
2025-12-07,,Serie A,2025-2026,Pisa,Parma,Home,Matchweek 14,,,,,,,,,,,,,,,,
2025-12-14,,Serie A,2025-2026,Pisa,Lecce,Away,Matchweek 15,,,,,,,,,,,,,,,,
2025-12-21,,Serie A,2025-2026,Pisa,Cagliari,Away,Matchweek 16,,,,,,,,,,,,,,,,
2025-12-28,,Serie A,2025-2026,Pisa,Juventus,Home,Matchweek 17,,,,,,,,,,,,,,,,
2026-01-03,,Serie A,2025-2026,Pisa,Genoa,Away,Matchweek 18,,,,,,,,,,,,,,,,
2026-01-06,,Serie A,2025-2026,Pisa,Como,Home,Matchweek 19,,,,,,,,,,,,,,,,
2026-01-11,,Serie A,2025-2026,Pisa,Udinese,Away,Matchweek 20,,,,,,,,,,,,,,,,
2026-01-18,,Serie A,2025-2026,Pisa,Atalanta,Home,Matchweek 21,,,,,,,,,,,,,,,,
2026-01-25,,Serie A,2025-2026,Pisa,Inter,Away,Matchweek 22,,,,,,,,,,,,,,,,
2026-02-01,,Serie A,2025-2026,Pisa,Sassuolo,Home,Matchweek 23,,,,,,,,,,,,,,,,
2026-02-08,,Serie A,2025-2026,Pisa,Hellas Verona,Away,Matchweek 24,,,,,,,,,,,,,,,,
2026-02-15,,Serie A,2025-2026,Pisa,Milan,Home,Matchweek 25,,,,,,,,,,,,,,,,
2026-02-22,,Serie A,2025-2026,Pisa,Fiorentina,Away,Matchweek 26,,,,,,,,,,,,,,,,
2026-03-01,,Serie A,2025-2026,Pisa,Bologna,Home,Matchweek 27,,,,,,,,,,,,,,,,
2026-03-08,,Serie A,2025-2026,Pisa,Juventus,Away,Matchweek 28,,,,,,,,,,,,,,,,
2026-03-15,,Serie A,2025-2026,Pisa,Cagliari,Home,Matchweek 29,,,,,,,,,,,,,,,,
2026-03-22,,Serie A,2025-2026,Pisa,Como,Away,Matchweek 30,,,,,,,,,,,,,,,,
2026-04-04,,Serie A,2025-2026,Pisa,Torino,Home,Matchweek 31,,,,,,,,,,,,,,,,
2026-04-12,,Serie A,2025-2026,Pisa,Roma,Away,Matchweek 32,,,,,,,,,,,,,,,,
2026-04-19,,Serie A,2025-2026,Pisa,Genoa,Home,Matchweek 33,,,,,,,,,,,,,,,,
2026-04-26,,Serie A,2025-2026,Pisa,Parma,Away,Matchweek 34,,,,,,,,,,,,,,,,
2026-05-03,,Serie A,2025-2026,Pisa,Lecce,Home,Matchweek 35,,,,,,,,,,,,,,,,
2026-05-10,,Serie A,2025-2026,Pisa,Cremonese,Away,Matchweek 36,,,,,,,,,,,,,,,,
2026-05-17,,Serie A,2025-2026,Pisa,Napoli,Home,Matchweek 37,,,,,,,,,,,,,,,,
2026-05-24,,Serie A,2025-2026,Pisa,Lazio,Away,Matchweek 38,,,,,,,,,,,,,,,,
2025-08-15,20:45 (18:45),Coppa Italia,2025-2026,Lecce,Juve Stabia,Home,First round,,2.0,0.0,7.0,3.0,,,1.0,,0.0,2.0,14.0,4.0,,,0.0
2025-08-23,18:30 (16:30),Serie A,2025-2026,Lecce,Genoa,Away,Matchweek 1,0.4,0.0,0.0,7.0,0.0,15.2,0.0,0.0,0.5,0.0,0.0,5.0,2.0,20.8,1.0,0.0
2025-08-29,20:45 (18:45),Serie A,2025-2026,Lecce,Milan,Home,Matchweek 2,0.3,0.0,2.0,7.0,2.0,15.8,0.0,0.0,1.8,2.0,0.0,14.0,6.0,14.4,0.0,0.0
2025-09-14,15:00 (13:00),Serie A,2025-2026,Lecce,Atalanta,Away,Matchweek 3,0.5,1.0,4.0,12.0,3.0,21.8,0.0,0.0,2.1,4.0,1.0,19.0,8.0,16.2,1.0,0.0
2025-09-19,20:45 (18:45),Serie A,2025-2026,Lecce,Cagliari,Home,Matchweek 4,1.0,1.0,2.0,11.0,5.0,15.6,0.0,0.0,2.2,2.0,1.0,14.0,5.0,15.1,0.0,1.0
2025-09-23,21:00 (19:00),Coppa Italia,2025-2026,Lecce,Milan,Away,Second round,,,,,,,,,,,,,,,,
2025-09-28,18:00 (16:00),Serie A,2025-2026,Lecce,Bologna,Home,Matchweek 5,,,,,,,,,,,,,,,,
2025-10-04,15:00 (13:00),Serie A,2025-2026,Lecce,Parma,Away,Matchweek 6,,,,,,,,,,,,,,,,
2025-10-18,15:00 (13:00),Serie A,2025-2026,Lecce,Sassuolo,Home,Matchweek 7,,,,,,,,,,,,,,,,
2025-10-25,15:00 (13:00),Serie A,2025-2026,Lecce,Udinese,Away,Matchweek 8,,,,,,,,,,,,,,,,
2025-10-28,18:30 (17:30),Serie A,2025-2026,Lecce,Napoli,Home,Matchweek 9,,,,,,,,,,,,,,,,
2025-11-02,15:00 (14:00),Serie A,2025-2026,Lecce,Fiorentina,Away,Matchweek 10,,,,,,,,,,,,,,,,
2025-11-08,15:00 (14:00),Serie A,2025-2026,Lecce,Hellas Verona,Home,Matchweek 11,,,,,,,,,,,,,,,,
2025-11-23,18:00 (17:00),Serie A,2025-2026,Lecce,Lazio,Away,Matchweek 12,,,,,,,,,,,,,,,,
2025-11-30,,Serie A,2025-2026,Lecce,Torino,Home,Matchweek 13,,,,,,,,,,,,,,,,
2025-12-07,,Serie A,2025-2026,Lecce,Cremonese,Away,Matchweek 14,,,,,,,,,,,,,,,,
2025-12-14,,Serie A,2025-2026,Lecce,Pisa,Home,Matchweek 15,,,,,,,,,,,,,,,,
2025-12-21,,Serie A,2025-2026,Lecce,Inter,Away,Matchweek 16,,,,,,,,,,,,,,,,
2025-12-28,,Serie A,2025-2026,Lecce,Como,Home,Matchweek 17,,,,,,,,,,,,,,,,
2026-01-03,,Serie A,2025-2026,Lecce,Juventus,Away,Matchweek 18,,,,,,,,,,,,,,,,
2026-01-06,,Serie A,2025-2026,Lecce,Roma,Home,Matchweek 19,,,,,,,,,,,,,,,,
2026-01-11,,Serie A,2025-2026,Lecce,Parma,Home,Matchweek 20,,,,,,,,,,,,,,,,
2026-01-18,,Serie A,2025-2026,Lecce,Milan,Away,Matchweek 21,,,,,,,,,,,,,,,,
2026-01-25,,Serie A,2025-2026,Lecce,Lazio,Home,Matchweek 22,,,,,,,,,,,,,,,,
2026-02-01,,Serie A,2025-2026,Lecce,Torino,Away,Matchweek 23,,,,,,,,,,,,,,,,
2026-02-08,,Serie A,2025-2026,Lecce,Udinese,Home,Matchweek 24,,,,,,,,,,,,,,,,
2026-02-15,,Serie A,2025-2026,Lecce,Cagliari,Away,Matchweek 25,,,,,,,,,,,,,,,,
2026-02-22,,Serie A,2025-2026,Lecce,Inter,Home,Matchweek 26,,,,,,,,,,,,,,,,
2026-03-01,,Serie A,2025-2026,Lecce,Como,Away,Matchweek 27,,,,,,,,,,,,,,,,
2026-03-08,,Serie A,2025-2026,Lecce,Cremonese,Home,Matchweek 28,,,,,,,,,,,,,,,,
2026-03-15,,Serie A,2025-2026,Lecce,Napoli,Away,Matchweek 29,,,,,,,,,,,,,,,,
2026-03-22,,Serie A,2025-2026,Lecce,Roma,Away,Matchweek 30,,,,,,,,,,,,,,,,
2026-04-04,,Serie A,2025-2026,Lecce,Atalanta,Home,Matchweek 31,,,,,,,,,,,,,,,,
2026-04-12,,Serie A,2025-2026,Lecce,Bologna,Away,Matchweek 32,,,,,,,,,,,,,,,,
2026-04-19,,Serie A,2025-2026,Lecce,Fiorentina,Home,Matchweek 33,,,,,,,,,,,,,,,,
2026-04-26,,Serie A,2025-2026,Lecce,Hellas Verona,Away,Matchweek 34,,,,,,,,,,,,,,,,
2026-05-03,,Serie A,2025-2026,Lecce,Pisa,Away,Matchweek 35,,,,,,,,,,,,,,,,
2026-05-10,,Serie A,2025-2026,Lecce,Juventus,Home,Matchweek 36,,,,,,,,,,,,,,,,
2026-05-17,,Serie A,2025-2026,Lecce,Sassuolo,Away,Matchweek 37,,,,,,,,,,,,,,,,
2026-05-24,,Serie A,2025-2026,Lecce,Genoa,Home,Matchweek 38,,,,,,,,,,,,,,,,
